[
  {
    "application": "Climb slope/knotted rope (easy)",
    "DC": 0,
    "time": "advance on success",
    "effect": "Climb at slower speeds according to check; progress per successful check"
  },
  {
    "application": "Climb rope with bracing or knotted rope",
    "DC": 5,
    "time": "advance on success",
    "effect": "As above"
  },
  {
    "application": "Surface with handholds/footholds",
    "DC": 10,
    "time": "advance on success",
    "effect": "Climb at half or quarter speed per action type"
  },
  {
    "application": "Rough natural rock / tree",
    "DC": 15,
    "time": "advance",
    "effect": "Normal climbing DCs"
  },
  {
    "application": "Uneven surface / narrow handholds",
    "DC": 20,
    "time": "advance",
    "effect": "Harder climb"
  },
  {
    "application": "Overhang/ceiling with handholds",
    "DC": 25,
    "time": "advance",
    "effect": "High-difficulty climb"
  },
  {
    "application": "Climb at full speed (accelerated)",
    "DC": "+5",
    "time": "full-round",
    "effect": "Add +5 DC to climb at full speed"
  },
  {
    "application": "Catch self when falling",
    "DC": "wall DC + 20",
    "time": "immediate",
    "effect": "Avoid falling further if succeed"
  },
  {
    "application": "Feint (standard)",
    "DC": "opposed (Deception vs target Initiative)",
    "time": "standard",
    "effect": "If success, target loses Dex bonus to Reflex vs your next attack next round"
  },
  {
    "application": "Group Feint (full-round)",
    "DC": "opposed (single Deception roll) ; -5 per extra target",
    "time": "full-round",
    "effect": "Sets DC for multiple opponents; successes make those opponents flat-footed vs group's first attacks next round"
  },
  {
    "application": "Deceptive Appearance (disguise)",
    "DC": "opposed by Perception",
    "time": "Simple 1 min / Moderate 10 min / Difficult 1 hr / Incredible 1 day / Outrageous 2 weeks",
    "effect": "Creates disguise/appearance; modifier to Deception check provided (+5 to -20 per table)"
  },
  {
    "application": "Deceptive Information",
    "DC": "Simple +5, Moderate +0, Difficult -5, Incredible -10, Outrageous -20",
    "time": "Simple: 1 standard; Moderate: full-round; Difficult+: 1 min+",
    "effect": "Convey deceptive info; opposed by Will and Perception as relevant; failure severities described"
  },
  {
    "application": "Alternate Story (trained)",
    "DC": "GM-determined",
    "time": "variable",
    "effect": "Retry deception at -10 to convey alternate deceptive information after failing"
  },
  {
    "application": "Cheat (trained)",
    "DC": "opposed Perception",
    "time": "as gambling action",
    "effect": "Use Deception vs Perception to cheat at gambling"
  },
  {
    "application": "Innuendo (trained)",
    "DC": "10 (simple) to 25 (complex)",
    "time": "varies",
    "effect": "Transmit secret message; Perception can intercept"
  },
  {
    "application": "Create a diversion to hide (standard)",
    "DC": "opposed by targets' Will",
    "time": "standard plus move to reach hiding spot",
    "effect": "On success you may attempt a Stealth check (Dex-based) while targets are aware"
  },
  {
    "application": "Create a diversion to hide item (standard)",
    "DC": "opposed by targets' Will",
    "time": "standard",
    "effect": "Attempt to hide an item while targets distracted; must reach hiding place in a move action"
  },
  {
    "application": "Gather Information (general)",
    "DC": 10,
    "time": "1d6 hours per check",
    "effect": "Gathers local news/rumors; better results for higher DC or spendable resources"
  },
  {
    "application": "Analysis (trained)",
    "DC": 15,
    "time": "post-gather",
    "effect": "Add +10 bonus to original Gather Information check if data is complete; adjust for incomplete data"
  },
  {
    "application": "Find Black Market Object",
    "DC": "10/15/20/25 (Licensed/Restricted/Military/Illegal)",
    "time": "1/2/5/10 days",
    "effect": "Purchase cost multipliers x2/x3/x4/x5 and wait time; subject to circumstance modifiers"
  },
  {
    "application": "Quick Intel (trained)",
    "DC": "trained use",
    "time": "halves Gather Info time",
    "effect": "Declare before rolling; +10 DC to halve time required"
  },
  {
    "application": "Identify item function",
    "DC": 20,
    "time": "variable",
    "effect": "Learn primary function; +1 fact per +5 over DC"
  },
  {
    "application": "Knowledge (common)",
    "DC": 10,
    "time": "instant",
    "effect": "General knowledge"
  },
  {
    "application": "Knowledge (expert/trained)",
    "DC": "15-25",
    "time": "instant",
    "effect": "Specialist knowledge (Tactics, Tech, etc.)"
  },
  {
    "application": "Anticipate Enemy Strategy (Knowledge Tactics, trained)",
    "DC": "target's Will",
    "time": "move action",
    "effect": "Predict if target will attack/move/use special strategies"
  },
  {
    "application": "Jump long (DC formula)",
    "DC": "distance_meters × 3 (double without run-up)",
    "time": "part of movement",
    "effect": "Distance jumped counts against movement; Jump down DC15 reduces falling damage by 3m"
  },
  {
    "application": "Initiative (take 10 when appropriate)",
    "DC": "N/A",
    "time": "initiative roll",
    "effect": "Allowed only when conditions met (prepared/ambush)"
  },
  {
    "application": "Disable Device — Simple",
    "DC": 15,
    "time": "full-round",
    "effect": "Sabotage mechanical device; basic bypass"
  },
  {
    "application": "Disable Device — Tricky",
    "DC": 20,
    "time": "full-round",
    "effect": "Sabotage electronic device or bypass basic electronic lock"
  },
  {
    "application": "Disable Device — Complex",
    "DC": 25,
    "time": "full-round",
    "effect": "Disarm complex electronic security or bypass complex locks"
  },
  {
    "application": "To leave no trace of tampering",
    "DC": "+5 to disable DC",
    "time": "additional",
    "effect": "Harder to disable but conceals traces"
  },
  {
    "application": "Jury-rig (trained, temporary repair)",
    "DC": 25,
    "time": "full-round",
    "effect": "Temporarily repair disabled mechanical/electronic device: +2 CT and +1d8 HP; decays at end of scene"
  },
  {
    "application": "Recharge shields (trained)",
    "DC": 20,
    "time": "3 swift actions",
    "effect": "Restore 5 SR on success"
  },
  {
    "application": "Regulate power (vehicle)",
    "DC": 20,
    "time": "3 swift actions",
    "effect": "Move vehicle +1 CT"
  },
  {
    "application": "Repair object (trained)",
    "DC": 20,
    "time": "1 hour",
    "effect": "Restore 1d8 HP and remove persistent conditions"
  },
  {
    "application": "Repair droid (trained)",
    "DC": 20,
    "time": "1 hour",
    "effect": "Restore HP equal to droid level; removes persistent conditions (self-repair takes -5 penalty)"
  },
  {
    "application": "Refit antiquated vehicle/weapon",
    "DC": "GM/Mechanics",
    "time": "days to months by size",
    "effect": "Apply refitted template; costs 20% base value"
  },
  {
    "application": "Modify droid — locomotion",
    "DC": 25,
    "time": "1 day",
    "effect": "Alter droid locomotion system"
  },
  {
    "application": "Modify droid — processor",
    "DC": "20 Use Computer + 20 Mechanics",
    "time": "1 day",
    "effect": "Change or attach processor functionality (requires Use Computer adjunct)"
  },
  {
    "application": "Modify droid — appendage/accessory",
    "DC": "20/15 Mechanics",
    "time": "1 hour or 10 mins",
    "effect": "Add/replace appendages or accessories; installing weapon mounting may be DC 15 or 20 depending on degree"
  },
  {
    "application": "Reprogram droid (trained)",
    "DC": "droid's Will",
    "time": "10 minutes",
    "effect": "Change droid's master or erase/copy memory (Use Computer adjunct as needed)"
  },
  {
    "application": "Shut down unwilling droid (while grabbed)",
    "DC": "Mechanics vs droid's Will",
    "time": "standard while grabbed",
    "effect": "If succeed, droid is shut down"
  },
  {
    "application": "Persuasion (change attitude, full-round)",
    "DC": "target Will with attitude modifiers (-10 to +0)",
    "time": "full-round",
    "effect": "Improve attitude by 1 step on success; -5 if language barrier"
  },
  {
    "application": "Haggle (reduce or add 50% price)",
    "DC": "GM-determined Persuasion/Haggle table",
    "time": "as interaction",
    "effect": "Adjust sale price; target won't overpay for common items"
  },
  {
    "application": "Bribery (officials)",
    "DC": "10/20/30 with risk modifiers",
    "time": "variable",
    "effect": "Modify official's compliance based on risk and amount; high bribes reduce DC"
  },
  {
    "application": "Intimidate to coerce (full-round)",
    "DC": "opposed Will or GM-set",
    "time": "full-round",
    "effect": "Force target to back down, surrender possession, or flee for short time; cannot force to endanger life"
  },
  {
    "application": "Situational modifiers",
    "DC": "apply modifiers per table (+5 helpless, -5 evenly matched, -10 if you are disadvantaged)",
    "time": "applies to the check",
    "effect": "Modify Intimidate roll"
  },
  {
    "application": "Increase vehicle speed (trained, swift)",
    "DC": 20,
    "time": "swift",
    "effect": "Increase speed by +1 sq for next turn; every +5 over DC adds another +1"
  },
  {
    "application": "Avoid collision (reaction)",
    "DC": 15,
    "time": "reaction",
    "effect": "Reduce or negate collision damage; success halves damage"
  },
  {
    "application": "Dogfight (standard)",
    "DC": "opposed Pilot vs Pilot with -5 penalty",
    "time": "standard",
    "effect": "Engage enemy in dogfight on success"
  },
  {
    "application": "Start battle while piloting (use Pilot for Initiative)",
    "DC": "use Pilot mod + vehicle size & DEX",
    "time": "initiative roll",
    "effect": "Pilot skill can substitute for Initiative when trained"
  },
  {
    "application": "Sneak (opposed)",
    "DC": "opposed by Perception",
    "time": "move or standard to hide",
    "effect": "Hide from targets; taking certain actions reveals you"
  },
  {
    "application": "Conceal item on self (standard)",
    "DC": "size-based: item 1 size smaller = -5, 2 sizes smaller = +0, etc.",
    "time": "standard",
    "effect": "Opponent Perception opposed; +10 to Perception if physically searching"
  },
  {
    "application": "Conceal large item (in compartment)",
    "DC": "Stealth vs Perception +10 if adjacent",
    "time": "variable",
    "effect": "Hide large object inside room; use hiding compartments to gain +5 to +20"
  },
  {
    "application": "Drop (plant small item quickly)",
    "DC": "S&V 20 example",
    "time": "swift/standard depending",
    "effect": "Deposit small concealed item without notice; opposed Perception"
  },
  {
    "application": "Pick pocket (standard)",
    "DC": "opposed: target Perception +5",
    "time": "standard",
    "effect": "Take hand-sized object; fail by 5+ = notice"
  },
  {
    "application": "Sleight of Hand (palm/perform)",
    "DC": "opposed Perception",
    "time": "standard",
    "effect": "Palm small objects or perform unnoticed action"
  },
  {
    "application": "Snipe (from hiding, standard+move)",
    "DC": "Must have been hidden; Stealth move action at -10",
    "time": "standard + move",
    "effect": "Make ranged attack from hiding then attempt to remain hidden with -10 Stealth"
  },
  {
    "application": "Basic survival (24h)",
    "DC": 15,
    "time": "1 check = 24h",
    "effect": "Provide food & water for self; each +2 above provides for one more person"
  },
  {
    "application": "Create defensive position (trained)",
    "DC": 20,
    "time": "10 minutes",
    "effect": "Prepare 20×20 area: allies get +2 Ref; opponents -5 Stealth within area; no Perception penalty while sleeping"
  },
  {
    "application": "Endure extreme temperatures (field kit)",
    "DC": 20,
    "time": "once per day",
    "effect": "Ignore extreme temperature attacks for next 24h on success"
  },
  {
    "application": "Track (trained)",
    "DC": "10/20/30 depending on surface",
    "time": "per tracking check",
    "effect": "Locate trail; modifiers for terrain, time, weather apply"
  },
  {
    "application": "First Aid (requires medpac)",
    "DC": 15,
    "time": "full-round",
    "effect": "Heal HP = target level +1 per point over DC; cannot retry on same target for 24h"
  },
  {
    "application": "Revivify (trained, medkit)",
    "DC": 25,
    "time": "full-round (must be within 1 round of death)",
    "effect": "Revive dead target but leaves them unconscious on success"
  },
  {
    "application": "Heal Damage (surgery kit, trained)",
    "DC": 20,
    "time": "1 hour",
    "effect": "Restore HP = CON_mod (min 1) × level and remove persistent conditions; failure deals DT to target"
  },
  {
    "application": "Long-term care",
    "DC": "untrained or trained",
    "time": "8 hours",
    "effect": "Tend creature for 8h to regain additional HP = level; trained can tend up to 6 creatures"
  },
  {
    "application": "Temporary Mending (biotech/vehicle)",
    "DC": 20,
    "time": "full-round",
    "effect": "Heal 1d8 HP & +2 CT to damaged biotech object or vehicle; +5 with biotech tool kit"
  },
  {
    "application": "Access information — General",
    "DC": 15,
    "time": "1 minute (10 rounds)",
    "effect": "Retrieve general info from network"
  },
  {
    "application": "Access information — Specific",
    "DC": 20,
    "time": "10 minutes",
    "effect": "Retrieve specific info (date of birth, record, etc.)"
  },
  {
    "application": "Access information — Private",
    "DC": 25,
    "time": "1 hour",
    "effect": "Retrieve private channel info"
  },
  {
    "application": "Access information — Secret (helpful computer)",
    "DC": 30,
    "time": "1 day (8 hours)",
    "effect": "Secret credentials only accessible to helpful computers"
  },
  {
    "application": "Backtrail (trained)",
    "DC": 25,
    "time": "varies",
    "effect": "Identify last user of computer and info accessed"
  },
  {
    "application": "Copy/reprogram code cylinder or access card",
    "DC": "20/30/35 (admin/encrypted military/encrypted Imperial)",
    "time": "10 minutes",
    "effect": "Reprogram or copy security access"
  },
  {
    "application": "Improve Access (trained)",
    "DC": "vs computer's Will (attitude modifiers apply)",
    "time": "varies",
    "effect": "Shift computer attitude by 1 step on success; failure may worsen attitude"
  },
  {
    "application": "Disable or erase program (requires helpful attitude)",
    "DC": 15,
    "time": "10 minutes",
    "effect": "Remove program when computer attitude is helpful"
  },
  {
    "application": "Astrogate (plot hyperspace route)",
    "DC": "10-30 by data age (applies Use Computer as principal)",
    "time": "1 minute; DC30 1 hour if no data",
    "effect": "Success: arrive in days = 1d6 × hyperdrive multiplier; higher DCs reduce time further per +5 over DC"
  },
  {
    "application": "Astrogate — reduce travel time (risk/reward)",
    "DC": "add +5 per desired reduction step (Use Computer applied)",
    "time": "pre-declared",
    "effect": "Each +5 over DC reduces travel time; failure can inflict ship CT and damage penalties"
  },
  {
    "application": "Breath Control (UtF trained)",
    "DC": 15,
    "time": "instant / sustained",
    "effect": "Hold breath for 2× CON rounds before Endurance checks"
  },
  {
    "application": "Force Trance (UtF trained)",
    "DC": 10,
    "time": "full-round to enter; each hour gains HP = level; 4 hours heals fully",
    "effect": "Extended rest benefits; reduces need for food/water/air"
  },
  {
    "application": "Place other in Force Trance",
    "DC": 15,
    "time": "full-round",
    "effect": "Place willing adjacent target into trance; only force-user may end trance"
  },
  {
    "application": "Move Light Object (UtF trained)",
    "DC": 10,
    "time": "move action",
    "effect": "Telekinetically move up to 5 kg 6 sq (move action)"
  },
  {
    "application": "Move Light Object (hurl, standard)",
    "DC": 15,
    "time": "standard",
    "effect": "Hurl object vs Ref to deal 1d6; treat as ranged attack"
  },
  {
    "application": "Search Your Feelings",
    "DC": 15,
    "time": "full-round",
    "effect": "Determine short-term favorability of an action (next 10 minutes)"
  },
  {
    "application": "Sense Force (trained)",
    "DC": 15,
    "time": "full-round",
    "effect": "Sense Force-users within wide ranges; opposed UtF can conceal presence; extra ranges for dark side/strong disturbances"
  },
  {
    "application": "Sense Surroundings (trained, swift)",
    "DC": 15,
    "time": "swift",
    "effect": "Ignore effects of cover and concealment for Perception checks until start of next turn (DC+5 vs total cover)"
  }
]