{
  "id": "swse",
  "title": "Star Wars Saga Edition",
  "description": "A FoundryVTT system for Star Wars Saga Edition.",
  "version": "1.0.1",
  "authors": [
    {
      "name": "Doc Flow",
      "url": "https://github.com/docflowGM"
    }
  ],
  "compatibility": {
    "minimum": "11",
    "verified": "13",
    "maximum": "13"
  },
  "esmodules": [
    "system/swse.js",
    "scripts/init.js",
    "scripts/swse-data.js",
    "scripts/swse-actor.js",
    "scripts/swse-droid.js",
    "scripts/swse-item.js",
    "scripts/swse-vehicle.js",
    "scripts/swse-levelup.js",
    "scripts/races.js",
    "scripts/chargen.js",
    "scripts/dice-utils.js",
    "scripts/diceroller.js",
    "scripts/load-templates.js",
    "scripts/import-data.js"
  ],
  "styles": [
    "styles/swse.css",
    "styles/swse-levelup.css",
    "styles/swse-vehicles.css"
  ],
  "packs": [
    {
      "name": "swse-classes",
      "label": "SWSE Classes",
      "path": "packs/swse-classes.db",
      "type": "Item",
      "system": "swse"
    },
    {
      "name": "swse-equipment",
      "label": "SWSE Equipment",
      "path": "packs/swse-equipment.db",
      "type": "Item",
      "system": "swse"
    },
    {
      "name": "swse-feats",
      "label": "SWSE Feats",
      "path": "packs/swse-feats.db",
      "type": "Item",
      "system": "swse"
    },
    {
      "name": "swse-talents",
      "label": "SWSE Talents",
      "path": "packs/swse-talents.db",
      "type": "Item",
      "system": "swse"
    },
    {
      "name": "swse-vehicles",
      "label": "SWSE Vehicles",
      "path": "packs/swse-vehicles.db",
      "type": "Actor",
      "system": "swse"
    },
    {
      "name": "swse-armor",
      "label": "SWSE Armor",
      "path": "packs/swse-armor.db",
      "type": "Item",
      "system": "swse"
    },
    {
      "name": "swse-droids",
      "label": "SWSE Droids",
      "path": "packs/swse-droids.db",
      "type": "Actor",
      "system": "swse"
    },
    {
      "name": "swse-skills",
      "label": "SWSE Skills",
      "path": "packs/swse-skills.db",
      "type": "Item",
      "system": "swse"
    },
    {
      "name": "swse-attributes",
      "label": "SWSE Attributes",
      "path": "packs/swse-attributes.db",
      "type": "Item",
      "system": "swse"
    },
    {
      "name": "swse-combat-actions",
      "label": "SWSE Combat Actions",
      "path": "packs/swse-combat-actions.db",
      "type": "Item",
      "system": "swse"
    },
    {
      "name": "swse-conditions",
      "label": "SWSE Conditions",
      "path": "packs/swse-conditions.db",
      "type": "Item",
      "system": "swse"
    },
    {
      "name": "swse-extraskilluses",
      "label": "SWSE Extra Skill Uses",
      "path": "packs/swse-extraskilluses.db",
      "type": "Item",
      "system": "swse"
    },
    {
      "name": "swse-forcepowers",
      "label": "SWSE Force Powers",
      "path": "packs/swse-forcepowers.db",
      "type": "Item",
      "system": "swse"
    },
    {
      "name": "swse-special-combat-conditions",
      "label": "SWSE Special Combat Conditions",
      "path": "packs/swse-special-combat-conditions.db",
      "type": "Item",
      "system": "swse"
    },
    {
      "name": "swse-weapons",
      "label": "SWSE Weapons",
      "path": "packs/swse-weapons.db",
      "type": "Item",
      "system": "swse"
    }
  ],
  "grid": {
    "distance": 1,
    "units": "m"
  },
  "initiative": "1d20",
  "url": "https://github.com/docflowGM/foundryvtt-swse",
  "manifest": "https://raw.githubusercontent.com/docflowGM/foundryvtt-swse/main/system.json",
  "download": "https://github.com/docflowGM/foundryvtt-swse/archive/refs/heads/main.zip"
}