{
  "Actor": {
    "types": [
      "character",
      "droid",
      "npc",
      "vehicle"
    ],
    "templates": {
      "character": {},
      "droid": {},
      "npc": {},
      "vehicle": {}
    }
  },
  "Item": {
    "types": [
      "class",
      "feat",
      "talent",
      "forcepower",
      "equipment",
      "weapon",
      "armor",
      "skill",
      "attribute",
      "condition",
      "combat-action",
      "extra-skill-use"
    ],
    "templates": {
      "class": {},
      "feat": {},
      "talent": {},
      "forcepower": {},
      "equipment": {},
      "weapon": {},
      "armor": {},
      "skill": {},
      "attribute": {},
      "condition": {},
      "combat-action": {},
      "extra-skill-use": {}
    }
  }
}