[
  {
    "id": "cargo-jettison",
    "name": "Cargo Jettison System",
    "category": "Accessory",
    "emplacementPoints": 1,
    "availability": "Licensed",
    "sizeRestriction": null,
    "cost": 1000,
    "costType": "base",
    "description": "Emergency cargo release system.",
    "effect": "Can jettison cargo as swift action"
  },
  {
    "id": "cargo-pod-light",
    "name": "Cargo Pod, Light",
    "category": "Accessory",
    "emplacementPoints": 0,
    "availability": "Common",
    "sizeRestriction": "Gargantuan or Larger",
    "cost": 500,
    "costType": "base",
    "description": "External cargo container.",
    "effect": "+10 tons cargo capacity"
  },
  {
    "id": "cargo-pod-medium",
    "name": "Cargo Pod, Medium",
    "category": "Accessory",
    "emplacementPoints": 1,
    "availability": "Common",
    "sizeRestriction": "Colossal or Larger",
    "cost": 1000,
    "costType": "base",
    "description": "Large external cargo pod.",
    "effect": "+25 tons cargo capacity"
  },
  {
    "id": "cargo-pod-heavy",
    "name": "Cargo Pod, Heavy",
    "category": "Accessory",
    "emplacementPoints": 2,
    "availability": "Common",
    "sizeRestriction": "Colossal (Frigate) or Larger",
    "cost": 1500,
    "costType": "base",
    "description": "Massive cargo container.",
    "effect": "+100 tons cargo capacity"
  },
  {
    "id": "cloaking-hibridium",
    "name": "Cloaking Device, Hibridium",
    "category": "Accessory",
    "emplacementPoints": 3,
    "availability": "Military",
    "sizeRestriction": "Colossal or Larger",
    "cost": 50000,
    "costType": "base",
    "description": "Rare cloaking technology, but detectable.",
    "effect": "Invisible to sensors, but distorts sensor readings nearby"
  },
  {
    "id": "cloaking-stygium",
    "name": "Cloaking Device, Stygium",
    "category": "Accessory",
    "emplacementPoints": 1,
    "availability": "Military",
    "sizeRestriction": "Huge or Larger",
    "cost": 100000000,
    "costType": "base",
    "description": "Perfect cloaking device, extremely rare.",
    "effect": "Perfect invisibility, undetectable"
  },
  {
    "id": "cryogenic-chambers",
    "name": "Cryogenic Chambers",
    "category": "Accessory",
    "emplacementPoints": 2,
    "availability": "Common",
    "sizeRestriction": "Colossal or Larger",
    "cost": 500,
    "costType": "base",
    "description": "Suspended animation for long voyages.",
    "effect": "10 cryogenic pods, extends consumables indefinitely"
  },
  {
    "id": "docking-clamps",
    "name": "Docking Clamps",
    "category": "Accessory",
    "emplacementPoints": 1,
    "availability": "Common",
    "sizeRestriction": "Colossal (Frigate) or Larger",
    "cost": 2000,
    "costType": "base",
    "description": "Secure docking for other vessels.",
    "effect": "Can dock with and carry 1 smaller vessel"
  },
  {
    "id": "droid-repair-team",
    "name": "Droid Repair Team",
    "category": "Accessory",
    "emplacementPoints": 1,
    "availability": "Common",
    "sizeRestriction": "Colossal or Larger",
    "cost": 5000,
    "costType": "base",
    "description": "Automated repair droids.",
    "effect": "+2 to Mechanics checks for repairs"
  },
  {
    "id": "escape-pod-small",
    "name": "Escape Pod, Small Lifeboat",
    "category": "Accessory",
    "emplacementPoints": 1,
    "availability": "Common",
    "sizeRestriction": "Colossal or Larger",
    "cost": 400,
    "costType": "base",
    "description": "Emergency escape pod for 4 people.",
    "effect": "4-person escape capability"
  },
  {
    "id": "escape-pod-large",
    "name": "Escape Pod, Large Lifeboat",
    "category": "Accessory",
    "emplacementPoints": 2,
    "availability": "Common",
    "sizeRestriction": "Colossal (Frigate) or Larger",
    "cost": 800,
    "costType": "base",
    "description": "Large escape pod for 20 people.",
    "effect": "20-person escape capability"
  },
  {
    "id": "extended-range",
    "name": "Extended Range",
    "category": "Accessory",
    "emplacementPoints": 1,
    "availability": "Common",
    "sizeRestriction": null,
    "cost": 100,
    "costType": "base",
    "description": "Additional fuel and supplies storage.",
    "effect": "Double consumables duration"
  },
  {
    "id": "hangar-bay",
    "name": "Hangar Bay",
    "category": "Accessory",
    "emplacementPoints": 8,
    "availability": "Common",
    "sizeRestriction": "Colossal (Frigate) or Larger",
    "cost": 10,
    "costType": "base",
    "description": "Internal hangar for small craft.",
    "effect": "1 hangar space (1 fighter or equivalent)"
  },
  {
    "id": "hangar-bay-concealed",
    "name": "Hangar Bay, Concealed",
    "category": "Accessory",
    "emplacementPoints": 40,
    "availability": "Restricted",
    "sizeRestriction": "Colossal (Frigate) or Larger",
    "cost": 1000,
    "costType": "base",
    "description": "Hidden hangar bay.",
    "effect": "1 concealed hangar space, DC 25 Perception to detect"
  },
  {
    "id": "holonet-transceiver",
    "name": "Transceiver, HoloNet",
    "category": "Accessory",
    "emplacementPoints": 4,
    "availability": "Restricted",
    "sizeRestriction": "Colossal or Larger",
    "cost": 50000,
    "costType": "base",
    "description": "Real-time galactic communication network access.",
    "effect": "Instant communication across galaxy"
  },
  {
    "id": "hyper-transceiver",
    "name": "Transceiver, Hyper",
    "category": "Accessory",
    "emplacementPoints": 1,
    "availability": "Licensed",
    "sizeRestriction": null,
    "cost": 2000,
    "costType": "base",
    "description": "Long-range communication system.",
    "effect": "Communication across star systems"
  },
  {
    "id": "luxury-basic",
    "name": "Luxury Upgrade, Basic",
    "category": "Accessory",
    "emplacementPoints": 1,
    "availability": "Common",
    "sizeRestriction": null,
    "cost": 10000,
    "costType": "base",
    "description": "Comfortable accommodations.",
    "effect": "+1 to Persuasion when entertaining guests"
  },
  {
    "id": "luxury-advanced",
    "name": "Luxury Upgrade, Advanced",
    "category": "Accessory",
    "emplacementPoints": 1,
    "availability": "Common",
    "sizeRestriction": null,
    "cost": 20000,
    "costType": "base",
    "description": "High-quality quarters and amenities.",
    "effect": "+2 to Persuasion when entertaining guests"
  },
  {
    "id": "luxury-extreme",
    "name": "Luxury Upgrade, Extreme",
    "category": "Accessory",
    "emplacementPoints": 1,
    "availability": "Common",
    "sizeRestriction": null,
    "cost": 50000,
    "costType": "base",
    "description": "Palatial accommodations fit for royalty.",
    "effect": "+5 to Persuasion when entertaining guests"
  },
  {
    "id": "medical-suite",
    "name": "Medical Suite",
    "category": "Accessory",
    "emplacementPoints": 1,
    "availability": "Common",
    "sizeRestriction": "Colossal or Larger",
    "cost": 3000,
    "costType": "base",
    "description": "Full medical facility with bacta tank.",
    "effect": "+2 to Treat Injury checks, can perform surgery"
  },
  {
    "id": "passenger-seating",
    "name": "Passenger Conversion, Seating",
    "category": "Accessory",
    "emplacementPoints": 1,
    "availability": "Common",
    "sizeRestriction": null,
    "cost": 200,
    "costType": "base",
    "description": "Basic seating for passengers.",
    "effect": "+10 passenger capacity (seating only)"
  },
  {
    "id": "passenger-quarters",
    "name": "Passenger Conversion, Quarters",
    "category": "Accessory",
    "emplacementPoints": 10,
    "availability": "Common",
    "sizeRestriction": "Colossal or Larger",
    "cost": 500,
    "costType": "base",
    "description": "Passenger cabins with bunks.",
    "effect": "+10 passenger capacity (with quarters)"
  },
  {
    "id": "sensor-array-2",
    "name": "Sensor Array Computer +2",
    "category": "Accessory",
    "emplacementPoints": 1,
    "availability": "Common",
    "sizeRestriction": null,
    "cost": 5000,
    "costType": "base",
    "description": "Enhanced sensor processing.",
    "effect": "+2 to Perception checks"
  },
  {
    "id": "sensor-array-4",
    "name": "Sensor Array Computer +4",
    "category": "Accessory",
    "emplacementPoints": 2,
    "availability": "Common",
    "sizeRestriction": null,
    "cost": 25000,
    "costType": "base",
    "description": "Advanced sensor array.",
    "effect": "+4 to Perception checks"
  },
  {
    "id": "sensor-array-6",
    "name": "Sensor Array Computer +6",
    "category": "Accessory",
    "emplacementPoints": 3,
    "availability": "Licensed",
    "sizeRestriction": null,
    "cost": 50000,
    "costType": "base",
    "description": "Military-grade sensors.",
    "effect": "+6 to Perception checks"
  },
  {
    "id": "sensor-enhancement",
    "name": "Sensor Enhancement Package",
    "category": "Accessory",
    "emplacementPoints": 1,
    "availability": "Common",
    "sizeRestriction": null,
    "cost": 15000,
    "costType": "base",
    "description": "Specialized sensor upgrades.",
    "effect": "+2 to specific sensor tasks (choose: scan, search, or track)"
  },
  {
    "id": "slave-circuits-basic",
    "name": "Slave Circuits, Basic",
    "category": "Accessory",
    "emplacementPoints": 1,
    "availability": "Common",
    "sizeRestriction": null,
    "cost": 1000,
    "costType": "base",
    "description": "Remote control interface.",
    "effect": "Ship can be piloted remotely (line of sight)"
  },
  {
    "id": "slave-circuits-advanced",
    "name": "Slave Circuits, Advanced",
    "category": "Accessory",
    "emplacementPoints": 1,
    "availability": "Common",
    "sizeRestriction": null,
    "cost": 4000,
    "costType": "base",
    "description": "Extended range remote control.",
    "effect": "Ship can be piloted remotely (sensor range)"
  },
  {
    "id": "slave-circuits-recall",
    "name": "Slave Circuits, Recall",
    "category": "Accessory",
    "emplacementPoints": 0,
    "availability": "Military",
    "sizeRestriction": "Colossal or Smaller",
    "cost": 6000,
    "costType": "base",
    "description": "Automated return-to-base system.",
    "effect": "Ship can return to designated location automatically"
  },
  {
    "id": "smuggler-compartments",
    "name": "Smuggler's Compartments",
    "category": "Accessory",
    "emplacementPoints": 1,
    "availability": "Illegal",
    "sizeRestriction": null,
    "cost": 200,
    "costType": "base",
    "description": "Hidden cargo compartments.",
    "effect": "Hidden storage (5 tons), DC 25 Perception to detect"
  },
  {
    "id": "transponder-iff",
    "name": "Transponder, IFF",
    "category": "Accessory",
    "emplacementPoints": 0,
    "availability": "Military",
    "sizeRestriction": null,
    "cost": 1000,
    "costType": "flat",
    "description": "Military identification friend-or-foe system.",
    "effect": "Identifies as military vessel to sensors"
  },
  {
    "id": "transponder-masked",
    "name": "Transponder, Masked",
    "category": "Accessory",
    "emplacementPoints": 0,
    "availability": "Illegal",
    "sizeRestriction": null,
    "cost": 200,
    "costType": "base",
    "description": "Conceals transponder signal.",
    "effect": "DC 20 Perception to detect ship"
  },
  {
    "id": "transponder-disguised-1",
    "name": "Transponder, Disguised (Basic)",
    "category": "Accessory",
    "emplacementPoints": 0,
    "availability": "Illegal",
    "sizeRestriction": null,
    "cost": 500,
    "costType": "base",
    "description": "Fake transponder signal.",
    "effect": "Appears as different ship type, DC 15 to detect"
  },
  {
    "id": "transponder-disguised-2",
    "name": "Transponder, Disguised (Improved)",
    "category": "Accessory",
    "emplacementPoints": 0,
    "availability": "Illegal",
    "sizeRestriction": null,
    "cost": 1000,
    "costType": "base",
    "description": "Advanced fake transponder.",
    "effect": "Appears as specific ship, DC 20 to detect"
  },
  {
    "id": "transponder-disguised-3",
    "name": "Transponder, Disguised (Superior)",
    "category": "Accessory",
    "emplacementPoints": 0,
    "availability": "Illegal",
    "sizeRestriction": null,
    "cost": 2000,
    "costType": "base",
    "description": "Perfect fake transponder with database records.",
    "effect": "Complete false identity, DC 25 to detect"
  },
  {
    "id": "amphibious-seals",
    "name": "Amphibious Seals",
    "category": "Accessory",
    "emplacementPoints": 2,
    "availability": "Common",
    "sizeRestriction": null,
    "cost": 4000,
    "costType": "base",
    "description": "Waterproofing for underwater operations.",
    "effect": "Can operate underwater"
  },
  {
    "id": "auxiliary-generators-2",
    "name": "Auxiliary Generators +2",
    "category": "Accessory",
    "emplacementPoints": 2,
    "availability": "Common",
    "sizeRestriction": null,
    "cost": 2000,
    "costType": "base",
    "description": "Additional power generation.",
    "effect": "+2 to Use Computer for power management"
  },
  {
    "id": "auxiliary-generators-4",
    "name": "Auxiliary Generators +4",
    "category": "Accessory",
    "emplacementPoints": 3,
    "availability": "Common",
    "sizeRestriction": "Gargantuan or Larger",
    "cost": 5000,
    "costType": "base",
    "description": "Enhanced power systems.",
    "effect": "+4 to Use Computer for power management"
  },
  {
    "id": "auxiliary-generators-6",
    "name": "Auxiliary Generators +6",
    "category": "Accessory",
    "emplacementPoints": 4,
    "availability": "Licensed",
    "sizeRestriction": "Colossal or Larger",
    "cost": 10000,
    "costType": "base",
    "description": "Military-grade auxiliary power.",
    "effect": "+6 to Use Computer for power management"
  },
  {
    "id": "backup-battery",
    "name": "Backup Battery",
    "category": "Accessory",
    "emplacementPoints": 0,
    "availability": "Licensed",
    "sizeRestriction": null,
    "cost": 10000,
    "costType": "base",
    "description": "Emergency power reserve.",
    "effect": "Life support continues for 24 hours if main power fails"
  },
  {
    "id": "baffled-drive",
    "name": "Baffled Drive",
    "category": "Accessory",
    "emplacementPoints": 1,
    "availability": "Military",
    "sizeRestriction": "Colossal or Larger",
    "cost": 100000,
    "costType": "base",
    "description": "Silent-running engine modification.",
    "effect": "+10 to Stealth in space"
  },
  {
    "id": "cockpit-ejection",
    "name": "Cockpit Ejection System",
    "category": "Accessory",
    "emplacementPoints": 2,
    "availability": "Common",
    "sizeRestriction": "Gargantuan or Colossal",
    "cost": 8000,
    "costType": "flat",
    "description": "Ejectable cockpit module.",
    "effect": "Cockpit ejects as escape pod if ship destroyed"
  },
  {
    "id": "cofferdam",
    "name": "Cofferdam",
    "category": "Accessory",
    "emplacementPoints": 1,
    "availability": "Licensed",
    "sizeRestriction": "Colossal or Larger",
    "cost": 3000,
    "costType": "base",
    "description": "Airlock for boarding and docking.",
    "effect": "Can dock with ships lacking docking ports"
  },
  {
    "id": "environmental-filters",
    "name": "Environmental Filters",
    "category": "Accessory",
    "emplacementPoints": 2,
    "availability": "Licensed",
    "sizeRestriction": "Gargantuan or Larger",
    "cost": 2000,
    "costType": "base",
    "description": "Advanced air and water filtration.",
    "effect": "Can operate in hazardous atmospheres"
  },
  {
    "id": "fuel-converters",
    "name": "Fuel Converters",
    "category": "Accessory",
    "emplacementPoints": 1,
    "availability": "Licensed",
    "sizeRestriction": "Colossal or Larger",
    "cost": 2400,
    "costType": "base",
    "description": "Fuel scooping and conversion system.",
    "effect": "Can refuel from gas giants or stars"
  },
  {
    "id": "grappler-mag",
    "name": "Grappler Mag",
    "category": "Accessory",
    "emplacementPoints": 1,
    "availability": "Common",
    "sizeRestriction": null,
    "cost": 1000,
    "costType": "flat",
    "description": "Magnetic grappling system.",
    "effect": "Can magnetically attach to metallic surfaces"
  },
  {
    "id": "hardpoint",
    "name": "Hardpoint",
    "category": "Accessory",
    "emplacementPoints": 1,
    "availability": "Military",
    "sizeRestriction": null,
    "cost": 500,
    "costType": "flat",
    "description": "Weapon mounting point.",
    "effect": "+1 emplacement point for weapons only"
  },
  {
    "id": "hidden-cargo-25",
    "name": "Hidden Cargo Hold (25% of Cargo)",
    "category": "Accessory",
    "emplacementPoints": 1,
    "availability": "Illegal",
    "sizeRestriction": null,
    "cost": 2000,
    "costType": "base",
    "description": "Large hidden storage area.",
    "effect": "Hidden storage (25% of cargo), DC 25 to detect"
  },
  {
    "id": "hidden-cargo-50",
    "name": "Hidden Cargo Hold (50% of Cargo)",
    "category": "Accessory",
    "emplacementPoints": 2,
    "availability": "Illegal",
    "sizeRestriction": null,
    "cost": 5000,
    "costType": "base",
    "description": "Massive hidden cargo system.",
    "effect": "Hidden storage (50% of cargo), DC 30 to detect"
  },
  {
    "id": "hidden-cargo-75",
    "name": "Hidden Cargo Hold (75% of Cargo)",
    "category": "Accessory",
    "emplacementPoints": 4,
    "availability": "Illegal",
    "sizeRestriction": null,
    "cost": 10000,
    "costType": "base",
    "description": "Nearly all cargo space is hidden.",
    "effect": "Hidden storage (75% of cargo), DC 35 to detect"
  },
  {
    "id": "holding-cells-25",
    "name": "Holding Cells (25% of Passengers)",
    "category": "Accessory",
    "emplacementPoints": 1,
    "availability": "Military",
    "sizeRestriction": null,
    "cost": 1000,
    "costType": "base",
    "description": "Brig for prisoners.",
    "effect": "Secure cells for 25% of passenger capacity"
  },
  {
    "id": "holding-cells-50",
    "name": "Holding Cells (50% of Passengers)",
    "category": "Accessory",
    "emplacementPoints": 2,
    "availability": "Military",
    "sizeRestriction": null,
    "cost": 2000,
    "costType": "base",
    "description": "Large prison facility.",
    "effect": "Secure cells for 50% of passenger capacity"
  },
  {
    "id": "holding-cells-75",
    "name": "Holding Cells (75% of Passengers)",
    "category": "Accessory",
    "emplacementPoints": 4,
    "availability": "Military",
    "sizeRestriction": null,
    "cost": 5000,
    "costType": "base",
    "description": "Prison ship configuration.",
    "effect": "Secure cells for 75% of passenger capacity"
  },
  {
    "id": "interrogation-chamber",
    "name": "Interrogation Chamber",
    "category": "Accessory",
    "emplacementPoints": 0,
    "availability": "Illegal",
    "sizeRestriction": "Colossal or Larger",
    "cost": 10000,
    "costType": "flat",
    "description": "Specialized interrogation facility.",
    "effect": "+5 to Persuasion (intimidation) during interrogation"
  },
  {
    "id": "personalized-controls",
    "name": "Personalized Controls",
    "category": "Accessory",
    "emplacementPoints": 0,
    "availability": "Common",
    "sizeRestriction": "Colossal or Smaller",
    "cost": 1000,
    "costType": "flat",
    "description": "Custom-configured controls for specific pilot.",
    "effect": "+2 to Pilot checks for designated pilot only"
  },
  {
    "id": "sensor-baffling",
    "name": "Sensor Baffling",
    "category": "Accessory",
    "emplacementPoints": 0,
    "availability": "Military",
    "sizeRestriction": null,
    "cost": 20000,
    "costType": "base",
    "description": "Sensor-dampening hull coating.",
    "effect": "+5 to Stealth vs sensors"
  },
  {
    "id": "sensor-decoy",
    "name": "Sensor Decoy",
    "category": "Accessory",
    "emplacementPoints": 1,
    "availability": "Restricted",
    "sizeRestriction": null,
    "cost": 2000,
    "costType": "base",
    "description": "Deployable sensor ghost.",
    "effect": "Create false sensor contact"
  },
  {
    "id": "sensor-mask",
    "name": "Sensor Mask",
    "category": "Accessory",
    "emplacementPoints": 1,
    "availability": "Illegal",
    "sizeRestriction": "Gargantuan or Larger",
    "cost": 150000,
    "costType": "base",
    "description": "Advanced sensor spoofing system.",
    "effect": "Appears as different size/type vessel"
  },
  {
    "id": "workshop",
    "name": "Workshop",
    "category": "Accessory",
    "emplacementPoints": 1,
    "availability": "Common",
    "sizeRestriction": "Gargantuan or Larger",
    "cost": 3000,
    "costType": "base",
    "description": "Fully equipped repair and fabrication facility.",
    "effect": "+2 to Mechanics checks for repairs and modifications"
  },
  {
    "id": "launch-bay",
    "name": "Launch Bay",
    "category": "Accessory",
    "emplacementPoints": 4,
    "availability": "Common",
    "sizeRestriction": "Colossal or Larger",
    "cost": 5000,
    "costType": "base",
    "description": "External launch rack for small craft.",
    "effect": "0.5 hangar space (can carry 1 fighter externally)"
  }
]
