[
  {
    "id": "armor-1",
    "name": "Starship Armor, +1",
    "category": "Defense",
    "emplacementPoints": 2,
    "availability": "Licensed",
    "sizeRestriction": null,
    "cost": 2000,
    "costType": "base",
    "description": "Additional armor plating to improve defense.",
    "effect": "+1 Armor bonus to Reflex Defense"
  },
  {
    "id": "armor-2",
    "name": "Starship Armor, +2",
    "category": "Defense",
    "emplacementPoints": 5,
    "availability": "Restricted",
    "sizeRestriction": "Colossal or Larger",
    "cost": 5000,
    "costType": "base",
    "description": "Heavy armor plating for enhanced protection.",
    "effect": "+2 Armor bonus to Reflex Defense"
  },
  {
    "id": "armor-3",
    "name": "Starship Armor, +3",
    "category": "Defense",
    "emplacementPoints": 10,
    "availability": "Military",
    "sizeRestriction": "Colossal (Frigate) or Larger",
    "cost": 10000,
    "costType": "base",
    "description": "Military-grade armor for capital ships.",
    "effect": "+3 Armor bonus to Reflex Defense"
  },
  {
    "id": "armor-4",
    "name": "Starship Armor, +4",
    "category": "Defense",
    "emplacementPoints": 20,
    "availability": "Military",
    "sizeRestriction": "Colossal (Frigate) or Larger",
    "cost": 20000,
    "costType": "base",
    "description": "Maximum armor protection for warships.",
    "effect": "+4 Armor bonus to Reflex Defense"
  },
  {
    "id": "jamming-suite",
    "name": "Jamming Suite",
    "category": "Defense",
    "emplacementPoints": 1,
    "availability": "Common",
    "sizeRestriction": null,
    "cost": 5000,
    "costType": "base",
    "description": "Electronic countermeasures to disrupt enemy sensors and targeting.",
    "effect": "+2 to Pilot checks to avoid being hit by guided weapons"
  },
  {
    "id": "jamming-array",
    "name": "Jamming Array",
    "category": "Defense",
    "emplacementPoints": 5,
    "availability": "Common",
    "sizeRestriction": "Colossal or Larger",
    "cost": 20000,
    "costType": "base",
    "description": "Powerful jamming system for capital ships.",
    "effect": "+5 to Pilot checks to avoid guided weapons, can jam enemy sensors"
  },
  {
    "id": "regenerating-shields",
    "name": "Regenerating Shields",
    "category": "Defense",
    "emplacementPoints": 2,
    "availability": "Restricted",
    "sizeRestriction": null,
    "cost": 5000,
    "costType": "base",
    "description": "Shields that automatically regenerate 5 SR per round.",
    "effect": "Regenerate 5 SR per round (max starting SR)"
  },
  {
    "id": "reinforced-bulkheads-10",
    "name": "Reinforced Bulkheads, +10%",
    "category": "Defense",
    "emplacementPoints": 2,
    "availability": "Common",
    "sizeRestriction": null,
    "cost": 2000,
    "costType": "base",
    "description": "Structural reinforcement to increase hull strength.",
    "effect": "+10% Hit Points"
  },
  {
    "id": "reinforced-bulkheads-20",
    "name": "Reinforced Bulkheads, +20%",
    "category": "Defense",
    "emplacementPoints": 5,
    "availability": "Licensed",
    "sizeRestriction": null,
    "cost": 5000,
    "costType": "base",
    "description": "Extensive structural bracing.",
    "effect": "+20% Hit Points"
  },
  {
    "id": "reinforced-bulkheads-30",
    "name": "Reinforced Bulkheads, +30%",
    "category": "Defense",
    "emplacementPoints": 10,
    "availability": "Restricted",
    "sizeRestriction": null,
    "cost": 10000,
    "costType": "base",
    "description": "Maximum structural reinforcement.",
    "effect": "+30% Hit Points"
  },
  {
    "id": "shields-10",
    "name": "Starship Shields, SR 10",
    "category": "Defense",
    "emplacementPoints": 1,
    "availability": "Common",
    "sizeRestriction": null,
    "cost": 750,
    "costType": "base",
    "description": "Basic deflector shields.",
    "effect": "Shield Rating 10"
  },
  {
    "id": "shields-15",
    "name": "Starship Shields, SR 15",
    "category": "Defense",
    "emplacementPoints": 1,
    "availability": "Common",
    "sizeRestriction": null,
    "cost": 1000,
    "costType": "base",
    "description": "Standard deflector shields.",
    "effect": "Shield Rating 15"
  },
  {
    "id": "shields-20",
    "name": "Starship Shields, SR 20",
    "category": "Defense",
    "emplacementPoints": 1,
    "availability": "Common",
    "sizeRestriction": "Gargantuan or Larger",
    "cost": 1250,
    "costType": "base",
    "description": "Enhanced deflector shields.",
    "effect": "Shield Rating 20"
  },
  {
    "id": "shields-25",
    "name": "Starship Shields, SR 25",
    "category": "Defense",
    "emplacementPoints": 1,
    "availability": "Common",
    "sizeRestriction": "Gargantuan or Larger",
    "cost": 1500,
    "costType": "base",
    "description": "Improved shields for larger vessels.",
    "effect": "Shield Rating 25"
  },
  {
    "id": "shields-30",
    "name": "Starship Shields, SR 30",
    "category": "Defense",
    "emplacementPoints": 2,
    "availability": "Common",
    "sizeRestriction": "Gargantuan or Larger",
    "cost": 2000,
    "costType": "base",
    "description": "Advanced shield generators.",
    "effect": "Shield Rating 30"
  },
  {
    "id": "shields-35",
    "name": "Starship Shields, SR 35",
    "category": "Defense",
    "emplacementPoints": 2,
    "availability": "Common",
    "sizeRestriction": "Gargantuan or Larger",
    "cost": 2500,
    "costType": "base",
    "description": "High-output shield system.",
    "effect": "Shield Rating 35"
  },
  {
    "id": "shields-40",
    "name": "Starship Shields, SR 40",
    "category": "Defense",
    "emplacementPoints": 2,
    "availability": "Common",
    "sizeRestriction": "Colossal or Larger",
    "cost": 3000,
    "costType": "base",
    "description": "Capital ship grade shields.",
    "effect": "Shield Rating 40"
  },
  {
    "id": "shields-45",
    "name": "Starship Shields, SR 45",
    "category": "Defense",
    "emplacementPoints": 2,
    "availability": "Common",
    "sizeRestriction": "Colossal or Larger",
    "cost": 4000,
    "costType": "base",
    "description": "Heavy capital ship shields.",
    "effect": "Shield Rating 45"
  },
  {
    "id": "shields-50",
    "name": "Starship Shields, SR 50",
    "category": "Defense",
    "emplacementPoints": 3,
    "availability": "Common",
    "sizeRestriction": "Colossal or Larger",
    "cost": 5000,
    "costType": "base",
    "description": "Military-grade shield system.",
    "effect": "Shield Rating 50"
  },
  {
    "id": "shields-55",
    "name": "Starship Shields, SR 55",
    "category": "Defense",
    "emplacementPoints": 3,
    "availability": "Common",
    "sizeRestriction": "Colossal or Larger",
    "cost": 6000,
    "costType": "base",
    "description": "Enhanced military shields.",
    "effect": "Shield Rating 55"
  },
  {
    "id": "shields-60",
    "name": "Starship Shields, SR 60",
    "category": "Defense",
    "emplacementPoints": 3,
    "availability": "Common",
    "sizeRestriction": "Colossal (Frigate) or Larger",
    "cost": 8000,
    "costType": "base",
    "description": "Frigate-class shield generators.",
    "effect": "Shield Rating 60"
  },
  {
    "id": "shields-70",
    "name": "Starship Shields, SR 70",
    "category": "Defense",
    "emplacementPoints": 3,
    "availability": "Common",
    "sizeRestriction": "Colossal (Frigate) or Larger",
    "cost": 10000,
    "costType": "base",
    "description": "Heavy frigate shields.",
    "effect": "Shield Rating 70"
  },
  {
    "id": "shields-80",
    "name": "Starship Shields, SR 80",
    "category": "Defense",
    "emplacementPoints": 4,
    "availability": "Common",
    "sizeRestriction": "Colossal (Frigate) or Larger",
    "cost": 12500,
    "costType": "base",
    "description": "Advanced frigate shields.",
    "effect": "Shield Rating 80"
  },
  {
    "id": "shields-90",
    "name": "Starship Shields, SR 90",
    "category": "Defense",
    "emplacementPoints": 4,
    "availability": "Common",
    "sizeRestriction": "Colossal (Frigate) or Larger",
    "cost": 15000,
    "costType": "base",
    "description": "Maximum frigate protection.",
    "effect": "Shield Rating 90"
  },
  {
    "id": "shields-100",
    "name": "Starship Shields, SR 100",
    "category": "Defense",
    "emplacementPoints": 5,
    "availability": "Common",
    "sizeRestriction": "Colossal (Frigate) or Larger",
    "cost": 20000,
    "costType": "base",
    "description": "Light cruiser shields.",
    "effect": "Shield Rating 100"
  },
  {
    "id": "shields-125",
    "name": "Starship Shields, SR 125",
    "category": "Defense",
    "emplacementPoints": 6,
    "availability": "Common",
    "sizeRestriction": "Colossal (Frigate) or Larger",
    "cost": 25000,
    "costType": "base",
    "description": "Enhanced cruiser shields.",
    "effect": "Shield Rating 125"
  },
  {
    "id": "shields-150",
    "name": "Starship Shields, SR 150",
    "category": "Defense",
    "emplacementPoints": 7,
    "availability": "Common",
    "sizeRestriction": "Colossal (Cruiser) or Larger",
    "cost": 30000,
    "costType": "base",
    "description": "Heavy cruiser shields.",
    "effect": "Shield Rating 150"
  },
  {
    "id": "shields-175",
    "name": "Starship Shields, SR 175",
    "category": "Defense",
    "emplacementPoints": 8,
    "availability": "Common",
    "sizeRestriction": "Colossal (Cruiser) or Larger",
    "cost": 40000,
    "costType": "base",
    "description": "Battlecruiser-class shields.",
    "effect": "Shield Rating 175"
  },
  {
    "id": "shields-200",
    "name": "Starship Shields, SR 200",
    "category": "Defense",
    "emplacementPoints": 10,
    "availability": "Common",
    "sizeRestriction": "Colossal (Cruiser) or Larger",
    "cost": 50000,
    "costType": "base",
    "description": "Maximum capital ship protection.",
    "effect": "Shield Rating 200"
  },
  {
    "id": "anti-boarding-systems",
    "name": "Anti-Boarding Systems",
    "category": "Defense",
    "emplacementPoints": 5,
    "availability": "Restricted",
    "sizeRestriction": "Colossal or Larger",
    "cost": 20000,
    "costType": "base",
    "description": "Automated defenses against boarding parties.",
    "effect": "+5 to resist boarding actions"
  },
  {
    "id": "com-jammers",
    "name": "Com Jammers",
    "category": "Defense",
    "emplacementPoints": 1,
    "availability": "Military",
    "sizeRestriction": null,
    "cost": 20000,
    "costType": "flat",
    "description": "Jam enemy communications within sensor range.",
    "effect": "Can jam communications as standard action"
  },
  {
    "id": "reinforced-keel",
    "name": "Reinforced Keel",
    "category": "Defense",
    "emplacementPoints": 2,
    "availability": "Military",
    "sizeRestriction": "Colossal or Larger",
    "cost": 4000,
    "costType": "base",
    "description": "Strengthened keel structure.",
    "effect": "+2 to resist ramming and collision damage"
  },
  {
    "id": "reinforced-keel-boarding",
    "name": "Reinforced Keel, Boarding",
    "category": "Defense",
    "emplacementPoints": 4,
    "availability": "Military",
    "sizeRestriction": "Colossal or Larger",
    "cost": 10000,
    "costType": "base",
    "description": "Keel designed for ramming attacks.",
    "effect": "+5 to ramming attacks, +2 to resist ramming"
  },
  {
    "id": "security-bracing",
    "name": "Security Bracing",
    "category": "Defense",
    "emplacementPoints": 2,
    "availability": "Common",
    "sizeRestriction": null,
    "cost": 5000,
    "costType": "base",
    "description": "Internal security systems and structural bracing.",
    "effect": "+2 to resist internal sabotage"
  }
]
