[
  {
    "id": "atmospheric-thrusters",
    "name": "Atmospheric Thrusters",
    "category": "Movement",
    "emplacementPoints": 2,
    "availability": "Common",
    "sizeRestriction": "Colossal or Smaller",
    "cost": 2000,
    "costType": "base",
    "description": "Allows the starship to enter and maneuver in planetary atmospheres without difficulty.",
    "effect": "Vehicle can operate in atmosphere"
  },
  {
    "id": "atmospheric-thrusters-advanced",
    "name": "Atmospheric Thrusters, Advanced",
    "category": "Movement",
    "emplacementPoints": 5,
    "availability": "Common",
    "sizeRestriction": "Gargantuan or Smaller",
    "cost": 5000,
    "costType": "base",
    "description": "Provides exceptional atmospheric performance and maneuverability.",
    "effect": "+2 to Pilot checks in atmosphere"
  },
  {
    "id": "combat-thrusters",
    "name": "Combat Thrusters",
    "category": "Movement",
    "emplacementPoints": 1,
    "availability": "Common",
    "sizeRestriction": "Colossal",
    "cost": 2000,
    "costType": "base",
    "description": "Enhanced maneuvering thrusters for combat situations.",
    "effect": "+1 to Pilot checks in combat"
  },
  {
    "id": "hyperdrive-075",
    "name": "Hyperdrive, Class 0.75",
    "category": "Movement",
    "emplacementPoints": 4,
    "availability": "Military",
    "sizeRestriction": "Colossal (Cruiser) or Smaller",
    "cost": 5000,
    "costType": "base",
    "description": "Military-grade hyperdrive with exceptional speed.",
    "effect": "Hyperdrive Class 0.75"
  },
  {
    "id": "hyperdrive-1",
    "name": "Hyperdrive, Class 1",
    "category": "Movement",
    "emplacementPoints": 3,
    "availability": "Licensed",
    "sizeRestriction": "Colossal (Cruiser) or Smaller",
    "cost": 3000,
    "costType": "base",
    "description": "Standard fast hyperdrive used on most modern starships.",
    "effect": "Hyperdrive Class 1"
  },
  {
    "id": "hyperdrive-15",
    "name": "Hyperdrive, Class 1.5",
    "category": "Movement",
    "emplacementPoints": 3,
    "availability": "Licensed",
    "sizeRestriction": "Colossal (Cruiser) or Smaller",
    "cost": 2500,
    "costType": "base",
    "description": "Slightly slower than Class 1, but still quite capable.",
    "effect": "Hyperdrive Class 1.5"
  },
  {
    "id": "hyperdrive-2",
    "name": "Hyperdrive, Class 2",
    "category": "Movement",
    "emplacementPoints": 3,
    "availability": "Common",
    "sizeRestriction": null,
    "cost": 2000,
    "costType": "base",
    "description": "Common hyperdrive found on civilian vessels.",
    "effect": "Hyperdrive Class 2"
  },
  {
    "id": "hyperdrive-3",
    "name": "Hyperdrive, Class 3",
    "category": "Movement",
    "emplacementPoints": 2,
    "availability": "Common",
    "sizeRestriction": null,
    "cost": 1500,
    "costType": "base",
    "description": "Slower hyperdrive used on older or budget vessels.",
    "effect": "Hyperdrive Class 3"
  },
  {
    "id": "hyperdrive-4",
    "name": "Hyperdrive, Class 4",
    "category": "Movement",
    "emplacementPoints": 2,
    "availability": "Common",
    "sizeRestriction": null,
    "cost": 1000,
    "costType": "base",
    "description": "Outdated hyperdrive technology.",
    "effect": "Hyperdrive Class 4"
  },
  {
    "id": "hyperdrive-5",
    "name": "Hyperdrive, Class 5",
    "category": "Movement",
    "emplacementPoints": 2,
    "availability": "Common",
    "sizeRestriction": null,
    "cost": 500,
    "costType": "base",
    "description": "Very slow hyperdrive, often used as backup.",
    "effect": "Hyperdrive Class 5"
  },
  {
    "id": "hyperdrive-6",
    "name": "Hyperdrive, Class 6",
    "category": "Movement",
    "emplacementPoints": 2,
    "availability": "Common",
    "sizeRestriction": null,
    "cost": 400,
    "costType": "base",
    "description": "Primitive hyperdrive technology.",
    "effect": "Hyperdrive Class 6"
  },
  {
    "id": "hyperdrive-8",
    "name": "Hyperdrive, Class 8",
    "category": "Movement",
    "emplacementPoints": 1,
    "availability": "Common",
    "sizeRestriction": null,
    "cost": 300,
    "costType": "base",
    "description": "Ancient hyperdrive design, rarely seen.",
    "effect": "Hyperdrive Class 8"
  },
  {
    "id": "hyperdrive-10",
    "name": "Hyperdrive, Class 10",
    "category": "Movement",
    "emplacementPoints": 1,
    "availability": "Common",
    "sizeRestriction": null,
    "cost": 200,
    "costType": "base",
    "description": "Extremely slow, obsolete hyperdrive.",
    "effect": "Hyperdrive Class 10"
  },
  {
    "id": "hyperdrive-15",
    "name": "Hyperdrive, Class 15",
    "category": "Movement",
    "emplacementPoints": 1,
    "availability": "Common",
    "sizeRestriction": null,
    "cost": 100,
    "costType": "base",
    "description": "Barely functional hyperdrive, museum piece.",
    "effect": "Hyperdrive Class 15"
  },
  {
    "id": "maneuvering-jets-2",
    "name": "Maneuvering Jets +2",
    "category": "Movement",
    "emplacementPoints": 2,
    "availability": "Common",
    "sizeRestriction": null,
    "cost": 2000,
    "costType": "base",
    "description": "Improved maneuvering thrusters for better handling.",
    "effect": "+2 to Pilot checks"
  },
  {
    "id": "maneuvering-jets-4",
    "name": "Maneuvering Jets +4",
    "category": "Movement",
    "emplacementPoints": 3,
    "availability": "Common",
    "sizeRestriction": "Colossal or Smaller",
    "cost": 5000,
    "costType": "base",
    "description": "Advanced maneuvering system for exceptional control.",
    "effect": "+4 to Pilot checks"
  },
  {
    "id": "maneuvering-jets-6",
    "name": "Maneuvering Jets +6",
    "category": "Movement",
    "emplacementPoints": 4,
    "availability": "Licensed",
    "sizeRestriction": "Gargantuan or Smaller",
    "cost": 10000,
    "costType": "base",
    "description": "Military-grade maneuvering system.",
    "effect": "+6 to Pilot checks"
  },
  {
    "id": "navicomputer-limited",
    "name": "Navicomputer, Limited",
    "category": "Movement",
    "emplacementPoints": 0,
    "availability": "Common",
    "sizeRestriction": null,
    "cost": 500,
    "costType": "flat",
    "description": "Basic navigation computer with limited jump calculations.",
    "effect": "Can store 2 hyperspace routes"
  },
  {
    "id": "navicomputer",
    "name": "Navicomputer",
    "category": "Movement",
    "emplacementPoints": 1,
    "availability": "Licensed",
    "sizeRestriction": null,
    "cost": 2000,
    "costType": "flat",
    "description": "Standard navigation computer for hyperspace travel.",
    "effect": "Can calculate and store hyperspace routes"
  },
  {
    "id": "navicomputer-advanced",
    "name": "Navicomputer, Advanced",
    "category": "Movement",
    "emplacementPoints": 2,
    "availability": "Licensed",
    "sizeRestriction": null,
    "cost": 20000,
    "costType": "flat",
    "description": "Advanced navicomputer with rapid calculations and extensive database.",
    "effect": "+2 to Use Computer for navigation, stores unlimited routes"
  },
  {
    "id": "sublight-accelerator",
    "name": "SubLight Accelerator Motor (SLAM)",
    "category": "Movement",
    "emplacementPoints": 2,
    "availability": "Military",
    "sizeRestriction": "Gargantuan or Smaller",
    "cost": 25000,
    "costType": "base",
    "description": "Temporary speed boost system that diverts power from shields.",
    "effect": "Double speed for 3 rounds, shields drop to 0"
  },
  {
    "id": "sublight-drive-1",
    "name": "Sublight Drive (Speed 1 Square)",
    "category": "Movement",
    "emplacementPoints": 2,
    "availability": "Common",
    "sizeRestriction": null,
    "cost": 1000,
    "costType": "base",
    "description": "Basic sublight engine for slow travel.",
    "effect": "Starship Scale speed 1 square"
  },
  {
    "id": "sublight-drive-2",
    "name": "Sublight Drive (Speed 2 Squares)",
    "category": "Movement",
    "emplacementPoints": 3,
    "availability": "Common",
    "sizeRestriction": null,
    "cost": 2000,
    "costType": "base",
    "description": "Standard sublight propulsion system.",
    "effect": "Starship Scale speed 2 squares"
  },
  {
    "id": "sublight-drive-3",
    "name": "Sublight Drive (Speed 3 Squares)",
    "category": "Movement",
    "emplacementPoints": 4,
    "availability": "Licensed",
    "sizeRestriction": "Colossal (Cruiser) or Smaller",
    "cost": 5000,
    "costType": "base",
    "description": "Advanced sublight engines for faster travel.",
    "effect": "Starship Scale speed 3 squares"
  },
  {
    "id": "sublight-drive-4",
    "name": "Sublight Drive (Speed 4 Squares)",
    "category": "Movement",
    "emplacementPoints": 5,
    "availability": "Restricted",
    "sizeRestriction": "Colossal (Cruiser) or Smaller",
    "cost": 10000,
    "costType": "base",
    "description": "High-performance sublight drive.",
    "effect": "Starship Scale speed 4 squares"
  },
  {
    "id": "sublight-drive-5",
    "name": "Sublight Drive (Speed 5 Squares)",
    "emplacementPoints": 6,
    "availability": "Military",
    "sizeRestriction": "Colossal or Smaller",
    "cost": 20000,
    "costType": "base",
    "description": "Military-grade high-speed engines.",
    "effect": "Starship Scale speed 5 squares"
  },
  {
    "id": "sublight-drive-6",
    "name": "Sublight Drive (Speed 6 Squares)",
    "category": "Movement",
    "emplacementPoints": 7,
    "availability": "Military",
    "sizeRestriction": "Gargantuan or Smaller",
    "cost": 30000,
    "costType": "base",
    "description": "Exceptional sublight speed, only found on military interceptors.",
    "effect": "Starship Scale speed 6 squares"
  }
]
