[
  {
    "id": "autoblaster",
    "name": "Autoblaster",
    "category": "Weapon",
    "weaponType": "Blaster",
    "damage": "3d8x2",
    "emplacementPoints": 0,
    "availability": "Restricted",
    "sizeRestriction": null,
    "cost": null,
    "costType": "multiplier",
    "costMultiplier": 2,
    "description": "Rapid-fire blaster weapon for anti-personnel use.",
    "effect": "Autofire mode available"
  },
  {
    "id": "blaster-cannon-light",
    "name": "Blaster Cannon, Light",
    "category": "Weapon",
    "weaponType": "Blaster",
    "damage": "3d10x2",
    "emplacementPoints": 1,
    "availability": "Licensed",
    "sizeRestriction": null,
    "cost": 1200,
    "costType": "flat",
    "description": "Standard light blaster weapon for small craft.",
    "effect": "Light blaster cannon"
  },
  {
    "id": "blaster-cannon-medium",
    "name": "Blaster Cannon, Medium",
    "category": "Weapon",
    "weaponType": "Blaster",
    "damage": "4d10x2",
    "emplacementPoints": 1,
    "availability": "Restricted",
    "sizeRestriction": null,
    "cost": 2500,
    "costType": "flat",
    "description": "Medium-power blaster for combat vessels.",
    "effect": "Medium blaster cannon"
  },
  {
    "id": "blaster-cannon-heavy",
    "name": "Blaster Cannon, Heavy",
    "category": "Weapon",
    "weaponType": "Blaster",
    "damage": "5d10x2",
    "emplacementPoints": 2,
    "availability": "Military",
    "sizeRestriction": null,
    "cost": 5500,
    "costType": "flat",
    "description": "Heavy blaster for military craft.",
    "effect": "Heavy blaster cannon"
  },
  {
    "id": "cannon-double",
    "name": "Cannon, Double",
    "category": "Weapon",
    "weaponType": "Enhancement",
    "damage": "+1d10",
    "emplacementPoints": 0,
    "availability": "Licensed",
    "sizeRestriction": null,
    "cost": null,
    "costType": "multiplier",
    "costMultiplier": 3,
    "description": "Links two cannons together for increased damage.",
    "effect": "+1d10 damage, requires base cannon"
  },
  {
    "id": "cannon-quad",
    "name": "Cannon, Quad",
    "category": "Weapon",
    "weaponType": "Enhancement",
    "damage": "+2d10",
    "emplacementPoints": 1,
    "availability": "Restricted",
    "sizeRestriction": null,
    "cost": null,
    "costType": "multiplier",
    "costMultiplier": 5,
    "description": "Links four cannons for devastating firepower.",
    "effect": "+2d10 damage, requires base cannon"
  },
  {
    "id": "cannon-enhancement",
    "name": "Cannon Enhancements",
    "category": "Weapon",
    "weaponType": "Enhancement",
    "damage": "+1d10",
    "emplacementPoints": 1,
    "availability": "Military",
    "sizeRestriction": null,
    "cost": null,
    "costType": "multiplier",
    "costMultiplier": 2,
    "description": "Military upgrades to improve cannon performance.",
    "effect": "+1d10 damage, requires base cannon"
  },
  {
    "id": "cannon-enhancement-advanced",
    "name": "Cannon Enhancements, Advanced",
    "category": "Weapon",
    "weaponType": "Enhancement",
    "damage": "+2d10",
    "emplacementPoints": 2,
    "availability": "Military",
    "sizeRestriction": null,
    "cost": null,
    "costType": "multiplier",
    "costMultiplier": 5,
    "description": "Advanced military cannon upgrades.",
    "effect": "+2d10 damage, requires base cannon"
  },
  {
    "id": "concussion-missile-launcher-light",
    "name": "Concussion Missile Launcher, Light",
    "category": "Weapon",
    "weaponType": "Missile",
    "damage": "See Ammunition",
    "emplacementPoints": 2,
    "availability": "Military",
    "sizeRestriction": null,
    "cost": 2000,
    "costType": "flat",
    "description": "Light concussion missile system.",
    "effect": "Fires light concussion missiles",
    "ammunition": "concussion-missile-light"
  },
  {
    "id": "concussion-missile-light",
    "name": "Concussion Missile, Light",
    "category": "Ammunition",
    "weaponType": "Missile",
    "damage": "7d10x2",
    "emplacementPoints": 0,
    "availability": "Military",
    "sizeRestriction": null,
    "cost": 500,
    "costType": "flat",
    "description": "Standard light concussion missile.",
    "effect": "Guided weapon"
  },
  {
    "id": "concussion-missile-launcher-medium",
    "name": "Concussion Missile Launcher, Medium",
    "category": "Weapon",
    "weaponType": "Missile",
    "damage": "See Ammunition",
    "emplacementPoints": 5,
    "availability": "Military",
    "sizeRestriction": null,
    "cost": 3500,
    "costType": "flat",
    "description": "Medium concussion missile system.",
    "effect": "Fires medium concussion missiles",
    "ammunition": "concussion-missile-medium"
  },
  {
    "id": "concussion-missile-medium",
    "name": "Concussion Missile, Medium",
    "category": "Ammunition",
    "weaponType": "Missile",
    "damage": "9d10x2",
    "emplacementPoints": 0,
    "availability": "Military",
    "sizeRestriction": null,
    "cost": 750,
    "costType": "flat",
    "description": "Medium concussion missile with enhanced warhead.",
    "effect": "Guided weapon"
  },
  {
    "id": "concussion-missile-launcher-heavy",
    "name": "Concussion Missile Launcher, Heavy",
    "category": "Weapon",
    "weaponType": "Missile",
    "damage": "See Ammunition",
    "emplacementPoints": 20,
    "availability": "Military",
    "sizeRestriction": "Colossal (Frigate) or Larger",
    "cost": 30000,
    "costType": "flat",
    "description": "Capital ship missile launcher.",
    "effect": "Fires heavy concussion missiles",
    "ammunition": "concussion-missile-heavy"
  },
  {
    "id": "concussion-missile-heavy",
    "name": "Concussion Missile, Heavy",
    "category": "Ammunition",
    "weaponType": "Missile",
    "damage": "9d10x5",
    "emplacementPoints": 0,
    "availability": "Military",
    "sizeRestriction": null,
    "cost": 2000,
    "costType": "flat",
    "description": "Heavy capital ship missile.",
    "effect": "Capital scale guided weapon"
  },
  {
    "id": "ion-cannon-light",
    "name": "Ion Cannon, Light",
    "category": "Weapon",
    "weaponType": "Ion",
    "damage": "3d10x2 (Ion)",
    "emplacementPoints": 1,
    "availability": "Licensed",
    "sizeRestriction": null,
    "cost": 2000,
    "costType": "flat",
    "description": "Light ion weapon for disabling ships.",
    "effect": "Ion damage disables systems"
  },
  {
    "id": "ion-cannon-medium",
    "name": "Ion Cannon, Medium",
    "category": "Weapon",
    "weaponType": "Ion",
    "damage": "5d10x2 (Ion)",
    "emplacementPoints": 2,
    "availability": "Restricted",
    "sizeRestriction": null,
    "cost": 3000,
    "costType": "flat",
    "description": "Medium ion cannon.",
    "effect": "Ion damage disables systems"
  },
  {
    "id": "ion-cannon-heavy",
    "name": "Ion Cannon, Heavy",
    "category": "Weapon",
    "weaponType": "Ion",
    "damage": "3d10x5 (Ion)",
    "emplacementPoints": 5,
    "availability": "Military",
    "sizeRestriction": "Colossal (Frigate) or Larger",
    "cost": 6000,
    "costType": "flat",
    "description": "Heavy capital ship ion cannon.",
    "effect": "Capital scale ion damage"
  },
  {
    "id": "laser-cannon-light",
    "name": "Laser Cannon, Light",
    "category": "Weapon",
    "weaponType": "Laser",
    "damage": "3d10x2",
    "emplacementPoints": 1,
    "availability": "Licensed",
    "sizeRestriction": null,
    "cost": 1500,
    "costType": "flat",
    "description": "Standard light laser cannon.",
    "effect": "Light laser cannon"
  },
  {
    "id": "laser-cannon-medium",
    "name": "Laser Cannon, Medium",
    "category": "Weapon",
    "weaponType": "Laser",
    "damage": "4d10x2",
    "emplacementPoints": 1,
    "availability": "Restricted",
    "sizeRestriction": null,
    "cost": 4000,
    "costType": "flat",
    "description": "Medium laser cannon for combat craft.",
    "effect": "Medium laser cannon"
  },
  {
    "id": "laser-cannon-heavy",
    "name": "Laser Cannon, Heavy",
    "category": "Weapon",
    "weaponType": "Laser",
    "damage": "5d10x2",
    "emplacementPoints": 2,
    "availability": "Military",
    "sizeRestriction": null,
    "cost": 6000,
    "costType": "flat",
    "description": "Heavy military laser cannon.",
    "effect": "Heavy laser cannon"
  },
  {
    "id": "proton-torpedo-launcher",
    "name": "Proton Torpedo Launcher",
    "category": "Weapon",
    "weaponType": "Torpedo",
    "damage": "See Ammunition",
    "emplacementPoints": 1,
    "availability": "Military",
    "sizeRestriction": null,
    "cost": 2500,
    "costType": "flat",
    "description": "Standard proton torpedo launcher.",
    "effect": "Fires proton torpedoes",
    "ammunition": "proton-torpedo"
  },
  {
    "id": "proton-torpedo",
    "name": "Proton Torpedo",
    "category": "Ammunition",
    "weaponType": "Torpedo",
    "damage": "9d10x2",
    "emplacementPoints": 0,
    "availability": "Military",
    "sizeRestriction": null,
    "cost": 800,
    "costType": "flat",
    "description": "High-yield proton torpedo.",
    "effect": "Guided high-damage weapon"
  },
  {
    "id": "turbolaser-light",
    "name": "Turbolaser, Light",
    "category": "Weapon",
    "weaponType": "Turbolaser",
    "damage": "3d10x5",
    "emplacementPoints": 2,
    "availability": "Military",
    "sizeRestriction": "Colossal (Frigate) or Larger",
    "cost": 5000,
    "costType": "flat",
    "description": "Light capital ship turbolaser.",
    "effect": "Capital scale weapon"
  },
  {
    "id": "turbolaser-medium",
    "name": "Turbolaser, Medium",
    "category": "Weapon",
    "weaponType": "Turbolaser",
    "damage": "5d10x5",
    "emplacementPoints": 5,
    "availability": "Military",
    "sizeRestriction": "Colossal (Frigate) or Larger",
    "cost": 10000,
    "costType": "flat",
    "description": "Standard capital ship turbolaser.",
    "effect": "Capital scale weapon"
  },
  {
    "id": "turbolaser-heavy",
    "name": "Turbolaser, Heavy",
    "category": "Weapon",
    "weaponType": "Turbolaser",
    "damage": "7d10x5",
    "emplacementPoints": 10,
    "availability": "Military",
    "sizeRestriction": "Colossal (Frigate) or Larger",
    "cost": 20000,
    "costType": "flat",
    "description": "Heavy turbolaser for battleships.",
    "effect": "Capital scale heavy weapon"
  },
  {
    "id": "tractor-beam",
    "name": "Tractor Beam",
    "category": "Weapon",
    "weaponType": "Special",
    "damage": "Special",
    "emplacementPoints": 10,
    "availability": "Licensed",
    "sizeRestriction": null,
    "cost": 10000,
    "costType": "flat",
    "description": "Gravity beam to capture and hold other vessels.",
    "effect": "Can grapple vessels, Pilot check to maintain"
  },
  {
    "id": "point-defense",
    "name": "Point-Defense System",
    "category": "Weapon",
    "weaponType": "Defense",
    "damage": "Special",
    "emplacementPoints": 0,
    "availability": "Restricted",
    "sizeRestriction": null,
    "cost": 4000,
    "costType": "modifier",
    "description": "Automated defense against missiles and fighters.",
    "effect": "+2 to defend against missiles and torpedoes"
  },
  {
    "id": "fire-linked-2",
    "name": "Fire-Linked Weapon, 2",
    "category": "Weapon",
    "weaponType": "Enhancement",
    "damage": "+1d10",
    "emplacementPoints": 1,
    "availability": "Licensed",
    "sizeRestriction": null,
    "cost": null,
    "costType": "multiplier",
    "costMultiplier": 2,
    "description": "Links 2 weapons to fire as one.",
    "effect": "+1d10 damage, single attack roll"
  },
  {
    "id": "fire-linked-4",
    "name": "Fire-Linked Weapon, 4",
    "category": "Weapon",
    "weaponType": "Enhancement",
    "damage": "+2d10",
    "emplacementPoints": 2,
    "availability": "Restricted",
    "sizeRestriction": null,
    "cost": null,
    "costType": "multiplier",
    "costMultiplier": 4,
    "description": "Links 4 weapons to fire as one.",
    "effect": "+2d10 damage, single attack roll"
  },
  {
    "id": "space-mine-launcher",
    "name": "Space Mine Launcher",
    "category": "Weapon",
    "weaponType": "Mine",
    "damage": "See Ammunition",
    "emplacementPoints": 2,
    "availability": "Military",
    "sizeRestriction": null,
    "cost": 5000,
    "costType": "flat",
    "description": "Deploys proximity mines.",
    "effect": "Deploys space mines",
    "ammunition": "space-mine-standard"
  },
  {
    "id": "space-mine-standard",
    "name": "Space Mine, Standard",
    "category": "Ammunition",
    "weaponType": "Mine",
    "damage": "7d10x2",
    "emplacementPoints": 0,
    "availability": "Military",
    "sizeRestriction": null,
    "cost": 1000,
    "costType": "flat",
    "description": "Standard proximity mine.",
    "effect": "Proximity detonation"
  },
  {
    "id": "ion-bomb-rack",
    "name": "Ion Bomb Rack",
    "category": "Weapon",
    "weaponType": "Bomb",
    "damage": "See Ammunition",
    "emplacementPoints": 1,
    "availability": "Military",
    "sizeRestriction": null,
    "cost": 1000,
    "costType": "flat",
    "description": "Releases ion bombs on ground targets.",
    "effect": "Bombs ground targets",
    "ammunition": "ion-bomb"
  },
  {
    "id": "ion-bomb",
    "name": "Ion Bomb",
    "category": "Ammunition",
    "weaponType": "Bomb",
    "damage": "5d10 (Ion)",
    "emplacementPoints": 0,
    "availability": "Military",
    "sizeRestriction": null,
    "cost": 500,
    "costType": "flat",
    "description": "Ion bomb for disabling ground installations.",
    "effect": "Ion damage vs ground targets"
  },
  {
    "id": "shieldbuster-torpedo-launcher",
    "name": "Shieldbuster Torpedo Launcher",
    "category": "Weapon",
    "weaponType": "Torpedo",
    "damage": "See Ammunition",
    "emplacementPoints": 3,
    "availability": "Military",
    "sizeRestriction": null,
    "cost": 10000,
    "costType": "flat",
    "description": "Specialized anti-shield torpedo system.",
    "effect": "Fires shieldbuster torpedoes",
    "ammunition": "shieldbuster-torpedo"
  },
  {
    "id": "shieldbuster-torpedo",
    "name": "Shieldbuster Torpedo",
    "category": "Ammunition",
    "weaponType": "Torpedo",
    "damage": "10d10x2",
    "emplacementPoints": 0,
    "availability": "Military",
    "sizeRestriction": null,
    "cost": 1000,
    "costType": "flat",
    "description": "Anti-shield torpedo, double damage to SR.",
    "effect": "Double damage to shields"
  },
  {
    "id": "discord-missile-launcher",
    "name": "Discord Missile Launcher",
    "category": "Weapon",
    "weaponType": "Missile",
    "damage": "See Ammunition",
    "emplacementPoints": 2,
    "availability": "Restricted",
    "sizeRestriction": null,
    "cost": 4000,
    "costType": "flat",
    "description": "Launches sensor-jamming missiles.",
    "effect": "Fires discord missiles",
    "ammunition": "discord-missile"
  },
  {
    "id": "discord-missile",
    "name": "Discord Missile",
    "category": "Ammunition",
    "weaponType": "Missile",
    "damage": "Special",
    "emplacementPoints": 0,
    "availability": "Restricted",
    "sizeRestriction": null,
    "cost": 1000,
    "costType": "flat",
    "description": "Jamming missile that disrupts sensors and targeting.",
    "effect": "-5 to Perception and attack rolls for 3 rounds"
  },
  {
    "id": "gravity-mine-launcher",
    "name": "Gravity Mine Launcher",
    "category": "Weapon",
    "weaponType": "Mine",
    "damage": "See Ammunition",
    "emplacementPoints": 2,
    "availability": "Military",
    "sizeRestriction": null,
    "cost": 5000,
    "costType": "flat",
    "description": "Deploys gravity well mines.",
    "effect": "Deploys gravity mines",
    "ammunition": "gravity-mine-standard"
  },
  {
    "id": "gravity-mine-standard",
    "name": "Gravity Mine, Standard",
    "category": "Ammunition",
    "weaponType": "Mine",
    "damage": "Special",
    "emplacementPoints": 0,
    "availability": "Military",
    "sizeRestriction": null,
    "cost": 1000,
    "costType": "flat",
    "description": "Mine that prevents hyperspace jumps in area.",
    "effect": "Prevents hyperspace in 5 square radius"
  },
  {
    "id": "harpoon-gun",
    "name": "Harpoon Gun",
    "category": "Weapon",
    "weaponType": "Special",
    "damage": "Special",
    "emplacementPoints": 1,
    "availability": "Licensed",
    "sizeRestriction": null,
    "cost": 200,
    "costType": "flat",
    "description": "Fires grappling harpoon to snare targets.",
    "effect": "Grapple smaller vessels, -2 speed if hit"
  },
  {
    "id": "droid-jammer",
    "name": "Droid Jammer",
    "category": "Weapon",
    "weaponType": "Special",
    "damage": "Special",
    "emplacementPoints": 1,
    "availability": "Licensed",
    "sizeRestriction": null,
    "cost": 8000,
    "costType": "flat",
    "description": "Jams and disables droid systems.",
    "effect": "Droids within 10 squares make DC 20 Will save or shut down"
  },
  {
    "id": "gravity-well-projector",
    "name": "Gravity Well Projector",
    "category": "Weapon",
    "weaponType": "Special",
    "damage": "Special",
    "emplacementPoints": 5,
    "availability": "Military",
    "sizeRestriction": "Colossal (Frigate) or Larger",
    "cost": 50000,
    "costType": "flat",
    "description": "Creates gravity well preventing hyperspace.",
    "effect": "Prevents hyperspace in 10 square radius"
  }
]
