{
  "templates": [
    {
      "id": "jedi_guardian",
      "name": "Guardian",
      "class": "Jedi",
      "archetype": "Guardian",
      "description": "A nimble warrior specializing in lightsaber combat, using finesse and defensive techniques to overwhelm opponents.",
      "quote": "Through the Force, I am the shield that guards the innocent.",
      "imagePath": "systems/foundryvtt-swse/assets/templates/jedi_guardian.webp",
      "mentor": "miraj",
      "abilityScores": {
        "str": 10,
        "dex": 16,
        "con": 12,
        "int": 12,
        "wis": 14,
        "cha": 8
      },
      "species": "Mirialan",
      "className": "Jedi",
      "level": 1,
      "feat": "Weapon Finesse",
      "talent": "Block",
      "talentTree": "Jedi Guardian",
      "trainedSkills": [
        "useTheForce",
        "acrobatics",
        "initiative",
        "perception"
      ],
      "forcePowers": [
        "Battle Strike",
        "Surge"
      ],
      "startingEquipment": [
        "Lightsaber",
        "Medpac",
        "Comlink, Short-Range",
        "Glow Rod"
      ],
      "credits": 465,
      "notes": "Attack +7, Reflex Defense 19, HP 32. Block talent allows negating melee attacks with Use the Force check."
    },
    {
      "id": "jedi_consular",
      "name": "Consular",
      "class": "Jedi",
      "archetype": "Consular",
      "description": "A Force-focused diplomat who relies on manipulation of the Force and wisdom rather than lightsaber combat.",
      "quote": "The Force flows through all things. Let it guide your path to peace.",
      "imagePath": "systems/foundryvtt-swse/assets/templates/jedi_consular.webp",
      "mentor": "miraj",
      "abilityScores": {
        "str": 8,
        "dex": 12,
        "con": 10,
        "int": 12,
        "wis": 16,
        "cha": 14
      },
      "species": "Miraluka",
      "className": "Jedi",
      "level": 1,
      "feat": "Skill Focus (Use the Force)",
      "talent": "Force Focus",
      "talentTree": "Jedi Consular",
      "trainedSkills": [
        "useTheForce",
        "perception",
        "knowledgeGalacticLore",
        "initiative"
      ],
      "forcePowers": [
        "Move Object",
        "Mind Trick",
        "Negate Energy",
        "Surge"
      ],
      "startingEquipment": [
        "Lightsaber",
        "Medpac"
      ],
      "credits": 500,
      "notes": "Use the Force +9, Will Defense 18, 4 Force Powers. Force Sight ability ignores concealment. Force Focus allows regaining spent Force Power."
    },
    {
      "id": "jedi_defender",
      "name": "Defender",
      "class": "Jedi",
      "archetype": "Jedi Defender",
      "description": "A durable frontline protector who can deflect attacks and shield allies from harm.",
      "quote": "I can't afford to lose this fight! There are people depending on me.",
      "imagePath": "systems/foundryvtt-swse/assets/templates/jedi_defender.webp",
      "mentor": "miraj",
      "abilityScores": {
        "str": 14,
        "dex": 12,
        "con": 16,
        "int": 10,
        "wis": 12,
        "cha": 8
      },
      "species": "Zabrak",
      "className": "Jedi",
      "level": 1,
      "feat": "Skill Focus (Use the Force)",
      "talent": "Deflect",
      "talentTree": "Jedi Guardian",
      "trainedSkills": [
        "useTheForce",
        "endurance"
      ],
      "forcePowers": [
        "Battle Strike",
        "Negate Energy"
      ],
      "startingEquipment": [
        "Lightsaber",
        "Medpac",
        "Comlink, Short-Range"
      ],
      "credits": 475,
      "notes": "HP 35, Fort Defense 19, Use the Force +9 for Deflect checks. Zabrak CON bonus makes this an excellent tank."
    },
    {
      "id": "jedi_sentinel",
      "name": "Sentinel",
      "class": "Jedi",
      "archetype": "Sentinel",
      "description": "An investigative shadow who hunts down dark side corruption with precision and stealth.",
      "quote": "Darkness cannot hide from those who seek the light.",
      "imagePath": "systems/foundryvtt-swse/assets/templates/jedi_sentinel.webp",
      "mentor": "miraj",
      "abilityScores": {
        "str": 10,
        "dex": 14,
        "con": 12,
        "int": 12,
        "wis": 16,
        "cha": 12
      },
      "species": "Miraluka",
      "className": "Jedi",
      "level": 1,
      "feat": "Force Training",
      "talent": "Dark Side Sense",
      "talentTree": "Jedi Sentinel",
      "trainedSkills": [
        "useTheForce",
        "perception",
        "stealth",
        "initiative"
      ],
      "forcePowers": [
        "Force Sense",
        "Battle Strike",
        "Mind Trick",
        "Negate Energy"
      ],
      "startingEquipment": [
        "Lightsaber",
        "Medpac",
        "Binder Cuffs"
      ],
      "credits": 450,
      "notes": "Use the Force +9, Will Defense 18. Force Sight ignores concealment. Dark Side Sense allows rerolls to detect dark siders."
    },
    {
      "id": "noble_diplomat",
      "name": "Diplomat",
      "class": "Noble",
      "archetype": "Diplomat",
      "description": "The ultimate social character, capable of talking their way through any situation with charm and persuasion.",
      "quote": "Words can open doors that even the strongest blade cannot.",
      "imagePath": "systems/foundryvtt-swse/assets/templates/noble_diplomat.webp",
      "mentor": "j0n1",
      "abilityScores": {
        "str": 8,
        "dex": 12,
        "con": 10,
        "int": 14,
        "wis": 12,
        "cha": 16
      },
      "species": "Zeltron",
      "className": "Noble",
      "level": 1,
      "feat": "Skill Focus (Persuasion)",
      "talent": "Inspire Confidence",
      "talentTree": "Inspiration",
      "trainedSkills": [
        "persuasion",
        "deception",
        "gatherInformation",
        "perception",
        "knowledgeGalacticLore",
        "knowledgeSocialSciences",
        "useComputer",
        "initiative"
      ],
      "forcePowers": [],
      "startingEquipment": [
        "Sporting Blaster Pistol",
        "Comlink, Short-Range"
      ],
      "credits": 1175,
      "notes": "Persuasion +18 with Zeltron bonuses, Will Defense 16. Inspire Confidence grants +1 morale bonus to all allies."
    },
    {
      "id": "noble_leader",
      "name": "Leader",
      "class": "Noble",
      "archetype": "Leader",
      "description": "A tactical commander who coordinates allies and inspires greatness on the battlefield.",
      "quote": "Victory belongs to those who fight together as one!",
      "imagePath": "systems/foundryvtt-swse/assets/templates/noble_leader.webp",
      "mentor": "j0n1",
      "abilityScores": {
        "str": 10,
        "dex": 12,
        "con": 14,
        "int": 12,
        "wis": 14,
        "cha": 16
      },
      "species": "Human",
      "className": "Noble",
      "level": 1,
      "feat": "Improved Defenses",
      "talent": "Born Leader",
      "talentTree": "Leadership",
      "trainedSkills": [
        "persuasion",
        "initiative",
        "perception",
        "knowledgeTactics",
        "gatherInformation",
        "deception",
        "treatInjury"
      ],
      "forcePowers": [],
      "startingEquipment": [
        "Heavy Blaster Pistol",
        "Comlink, Short-Range",
        "Medpac"
      ],
      "credits": 625,
      "notes": "HP 20, Reflex 13, Will 17. Born Leader grants swift action +1 insight bonus to allies' attacks."
    },
    {
      "id": "noble_aristocrat",
      "name": "Aristocrat",
      "class": "Noble",
      "archetype": "Aristocrat",
      "description": "A wealthy manipulator with extensive resources, connections, and information networks.",
      "quote": "Information is the galaxy's most valuable currency, and I am very wealthy.",
      "imagePath": "systems/foundryvtt-swse/assets/templates/noble_aristocrat.webp",
      "mentor": "j0n1",
      "abilityScores": {
        "str": 8,
        "dex": 10,
        "con": 12,
        "int": 16,
        "wis": 12,
        "cha": 14
      },
      "species": "Bothan",
      "className": "Noble",
      "level": 1,
      "feat": "Skill Training",
      "talent": "Wealth",
      "talentTree": "Lineage",
      "trainedSkills": [
        "gatherInformation",
        "persuasion",
        "deception",
        "useComputer",
        "knowledgeBureaucracy",
        "knowledgeGalacticLore",
        "knowledgeSocialSciences",
        "perception",
        "initiative",
        "mechanics"
      ],
      "forcePowers": [],
      "startingEquipment": [
        "Heavy Blaster Pistol",
        "Hold-out Blaster",
        "Datapad, Standard",
        "Comlink, Short-Range",
        "Code Cylinder",
        "Blank Datacards (10)",
        "Bioscanner"
      ],
      "credits": 465,
      "notes": "10 trained skills, 6,500 starting credits with Wealth talent. Bothan bonuses to Gather Information."
    },
    {
      "id": "noble_duelist",
      "name": "Duelist",
      "class": "Noble",
      "archetype": "Duelist",
      "description": "A social character with surprising melee combat effectiveness using grace and finesse.",
      "quote": "Elegance in both word and blade—a true noble's art.",
      "imagePath": "systems/foundryvtt-swse/assets/templates/noble_duelist.webp",
      "mentor": "j0n1",
      "abilityScores": {
        "str": 8,
        "dex": 14,
        "con": 12,
        "int": 10,
        "wis": 12,
        "cha": 16
      },
      "species": "Zeltron",
      "className": "Noble",
      "level": 1,
      "feat": "Weapon Focus (Light Melee)",
      "talent": "Noble Fencing Style",
      "talentTree": "Fencing",
      "trainedSkills": [
        "persuasion",
        "deception",
        "initiative",
        "perception",
        "gatherInformation",
        "knowledge_galactic_lore"
      ],
      "forcePowers": [],
      "startingEquipment": [
        "Vibroblade",
        "Blaster Pistol",
        "Comlink, Short-Range"
      ],
      "credits": 475,
      "notes": "Melee attack +5 using CHA, 2d6 damage, HP 19. Noble Fencing Style allows using CHA for light melee attacks."
    },
    {
      "id": "scoundrel_pistoleer",
      "name": "Pistoleer",
      "class": "Scoundrel",
      "archetype": "Pistoleer",
      "description": "A precision shooter who deals devastating damage with sneak attacks from the shadows.",
      "quote": "They never see it coming. That's the whole point.",
      "imagePath": "systems/foundryvtt-swse/assets/templates/scoundrel_pistoleer.webp",
      "mentor": "salty",
      "abilityScores": {
        "str": 10,
        "dex": 16,
        "con": 12,
        "int": 14,
        "wis": 12,
        "cha": 8
      },
      "species": "Human",
      "className": "Scoundrel",
      "level": 1,
      "feat": "Precise Shot",
      "talent": "Sneak Attack",
      "talentTree": "Misfortune",
      "trainedSkills": [
        "stealth",
        "perception",
        "initiative",
        "deception",
        "mechanics",
        "pilot",
        "acrobatics"
      ],
      "forcePowers": [],
      "startingEquipment": [
        "Heavy Blaster Pistol",
        "Blaster Pistol",
        "Utility Belt (Standard)",
        "Power Pack",
        "Comlink, Short-Range",
        "Medpac"
      ],
      "credits": -25,
      "notes": "Attack +4, 3d8+3 damage (4d8+3 vs flat-footed), Reflex Defense 17. Precise Shot removes shooting into melee penalty."
    },
    {
      "id": "scoundrel_skill_monkey",
      "name": "Skill Monkey",
      "class": "Scoundrel",
      "archetype": "Skill Monkey",
      "description": "A versatile specialist covering social, technical, and infiltration roles with expertise.",
      "quote": "Every problem has a solution. You just need the right skills.",
      "imagePath": "systems/foundryvtt-swse/assets/templates/scoundrel_skill_monkey.webp",
      "mentor": "salty",
      "abilityScores": {
        "str": 8,
        "dex": 14,
        "con": 10,
        "int": 16,
        "wis": 12,
        "cha": 14
      },
      "species": "Bothan",
      "className": "Scoundrel",
      "level": 1,
      "feat": "Skill Focus (Use Computer)",
      "talent": "Knack",
      "talentTree": "Fortune",
      "trainedSkills": [
        "useComputer",
        "mechanics",
        "deception",
        "persuasion",
        "stealth",
        "gatherInformation",
        "perception",
        "initiative"
      ],
      "forcePowers": [],
      "startingEquipment": [
        "Blaster Pistol",
        "Security Kit",
        "Comlink, Short-Range",
        "Power Pack",
        "Medpac"
      ],
      "credits": 475,
      "notes": "Use Computer +10, 8 trained skills. Knack allows rerolling one skill check per day."
    },
    {
      "id": "scoundrel_knuckledragger",
      "name": "Knuckledragger",
      "class": "Scoundrel",
      "archetype": "Knuckledragger",
      "description": "An aggressive street fighter who pushes enemies down the condition track with dirty tactics.",
      "quote": "No such thing as a fair fight when survival's on the line.",
      "imagePath": "systems/foundryvtt-swse/assets/templates/scoundrel_knuckledragger.webp",
      "mentor": "salty",
      "abilityScores": {
        "str": 10,
        "dex": 16,
        "con": 14,
        "int": 12,
        "wis": 12,
        "cha": 8
      },
      "species": "Duros",
      "className": "Scoundrel",
      "level": 1,
      "feat": "Weapon Finesse",
      "talent": "Dastardly Strike",
      "talentTree": "Misfortune",
      "trainedSkills": [
        "deception",
        "stealth",
        "initiative",
        "acrobatics",
        "perception",
        "gatherInformation",
        "pilot"
      ],
      "forcePowers": [],
      "startingEquipment": [
        "Heavy Blaster Pistol",
        "Vibrodagger",
        "Targeting Scope, Standard",
        "Power Pack",
        "Binder Cuffs",
        "Medpac"
      ],
      "credits": 600,
      "notes": "Attack +5 with DEX 18. Dastardly Strike moves targets -1 condition track when denied DEX bonus."
    },
    {
      "id": "scoundrel_outlaw",
      "name": "Outlaw",
      "class": "Scoundrel",
      "archetype": "Outlaw",
      "description": "A charming rogue who uses luck and Force Points strategically to turn the odds in their favor.",
      "quote": "Luck? I make my own luck, friend.",
      "imagePath": "systems/foundryvtt-swse/assets/templates/scoundrel_outlaw.webp",
      "mentor": "salty",
      "abilityScores": {
        "str": 8,
        "dex": 14,
        "con": 12,
        "int": 12,
        "wis": 10,
        "cha": 16
      },
      "species": "Twi'lek",
      "className": "Scoundrel",
      "level": 1,
      "feat": "Improved Defenses",
      "talent": "Fool's Luck",
      "talentTree": "Fortune",
      "trainedSkills": [
        "persuasion",
        "deception",
        "gatherInformation",
        "perception",
        "pilot",
        "stealth"
      ],
      "forcePowers": [],
      "startingEquipment": [
        "Blaster Pistol",
        "Hold-out Blaster",
        "Blank Datacards (10)",
        "Comlink, Short-Range",
        "Datapad, Standard",
        "Power Pack",
        "Medpac"
      ],
      "credits": -35,
      "notes": "Persuasion +9 (+14 with Fool's Luck). Fool's Luck spends Force Point for +1 attack OR +5 skills OR +1 defenses."
    },
    {
      "id": "scout_sniper",
      "name": "Sniper",
      "class": "Scout",
      "archetype": "Sniper",
      "description": "A long-range precision shooter who operates from concealment with deadly accuracy.",
      "quote": "One shot, one kill. That's all it takes.",
      "imagePath": "systems/foundryvtt-swse/assets/templates/scout_sniper.webp",
      "mentor": "lead",
      "abilityScores": {
        "str": 8,
        "dex": 16,
        "con": 12,
        "int": 14,
        "wis": 12,
        "cha": 10
      },
      "species": "Duros",
      "className": "Scout",
      "level": 1,
      "feat": "Point-Blank Shot",
      "talent": "Acute Senses",
      "talentTree": "Awareness",
      "trainedSkills": [
        "perception",
        "stealth",
        "initiative",
        "survival",
        "mechanics",
        "pilot",
        "knowledgeTactics",
        "endurance"
      ],
      "forcePowers": [],
      "startingEquipment": [
        "Blaster Rifle",
        "Thinsuit",
        "Electrobinoculars",
        "Medpac",
        "Comlink, Short-Range",
        "Utility Belt (Standard)"
      ],
      "credits": -1650,
      "notes": "Attack +4, Reflex Defense 19, HP 34. Acute Senses allows rerolling Perception checks."
    },
    {
      "id": "scout_skirmisher",
      "name": "Skirmisher",
      "class": "Scout",
      "archetype": "Skirmisher",
      "description": "A mobile combatant specializing in hit-and-run tactics and battlefield positioning.",
      "quote": "Speed and precision win battles. Stand still and you're already dead.",
      "imagePath": "systems/foundryvtt-swse/assets/templates/scout_skirmisher.webp",
      "mentor": "lead",
      "abilityScores": {
        "str": 10,
        "dex": 16,
        "con": 14,
        "int": 12,
        "wis": 12,
        "cha": 8
      },
      "species": "Human",
      "className": "Scout",
      "level": 1,
      "feat": "Running Attack",
      "talent": "Long Stride",
      "talentTree": "Fringer",
      "trainedSkills": [
        "initiative",
        "stealth",
        "perception",
        "endurance",
        "pilot",
        "acrobatics"
      ],
      "forcePowers": [],
      "startingEquipment": [
        "Blaster Carbine",
        "Heavy Blaster Pistol",
        "Comlink, Short-Range",
        "Glow Rod",
        "Medpac"
      ],
      "credits": 90,
      "notes": "8 squares movement, Running Attack allows moving and shooting. Excellent battlefield mobility."
    },
    {
      "id": "scout_survivalist",
      "name": "Survivalist",
      "class": "Scout",
      "archetype": "Survivalist",
      "description": "A wilderness expert who excels at tracking and surviving the harshest conditions.",
      "quote": "The wilderness doesn't forgive mistakes. Neither do I.",
      "imagePath": "systems/foundryvtt-swse/assets/templates/scout_survivalist.webp",
      "mentor": "lead",
      "abilityScores": {
        "str": 12,
        "dex": 14,
        "con": 16,
        "int": 12,
        "wis": 14,
        "cha": 8
      },
      "species": "Ithorian",
      "className": "Scout",
      "level": 1,
      "feat": "Skill Focus (Survival)",
      "talent": "Evasion",
      "talentTree": "Survivor",
      "trainedSkills": [
        "survival",
        "perception",
        "endurance",
        "stealth",
        "knowledgeLifeSciences",
        "mechanics"
      ],
      "forcePowers": [],
      "startingEquipment": [
        "Blaster Rifle",
        "Field Kit",
        "Medpac",
        "All-Temperature Cloak",
        "Ration Pack",
        "Glow Rod",
        "Comlink, Short-Range",
        "Vibrodagger"
      ],
      "credits": -615,
      "notes": "Survival +12, HP 42, Fort Defense 15. Evasion grants half damage on area attacks (no damage on miss)."
    },
    {
      "id": "scout_infiltrator",
      "name": "Infiltrator",
      "class": "Scout",
      "archetype": "Infiltrator",
      "description": "A stealthy infiltrator specializing in reconnaissance and espionage operations.",
      "quote": "The best battles are the ones your enemy never knew you fought.",
      "imagePath": "systems/foundryvtt-swse/assets/templates/scout_infiltrator.webp",
      "mentor": "lead",
      "abilityScores": {
        "str": 8,
        "dex": 16,
        "con": 12,
        "int": 14,
        "wis": 12,
        "cha": 10
      },
      "species": "Bothan",
      "className": "Scout",
      "level": 1,
      "feat": "Skill Focus (Stealth)",
      "talent": "Improved Stealth",
      "talentTree": "Camouflage",
      "trainedSkills": [
        "stealth",
        "perception",
        "mechanics",
        "useComputer",
        "deception",
        "initiative",
        "endurance"
      ],
      "forcePowers": [],
      "startingEquipment": [
        "Hold-out Blaster",
        "Heavy Blaster Pistol",
        "Thinsuit",
        "Security Kit",
        "Comlink, Short-Range",
        "Medpac"
      ],
      "credits": -900,
      "notes": "Stealth +18 at level 1. Improved Stealth reduces movement penalty from -10 to -5."
    },
    {
      "id": "soldier_rifleman",
      "name": "Rifleman",
      "class": "Soldier",
      "archetype": "Rifleman",
      "description": "A precision marksman who manipulates the condition track with devastating attacks.",
      "quote": "Discipline and precision. Every shot matters.",
      "imagePath": "systems/foundryvtt-swse/assets/templates/soldier_rifleman.webp",
      "mentor": "breach",
      "abilityScores": {
        "str": 12,
        "dex": 16,
        "con": 14,
        "int": 12,
        "wis": 10,
        "cha": 8
      },
      "species": "Human",
      "className": "Soldier",
      "level": 1,
      "feat": "Point-Blank Shot",
      "talent": "Devastating Attack (Rifles)",
      "talentTree": "Weapon Specialist",
      "trainedSkills": [
        "initiative",
        "perception",
        "knowledgeTactics",
        "mechanics"
      ],
      "forcePowers": [],
      "startingEquipment": [
        "Blaster Rifle",
        "Blast Helmet and Vest",
        "Comlink, Short-Range",
        "Medpac",
        "Power Pack"
      ],
      "credits": 225,
      "notes": "Attack +5, 3d8+3 damage. Devastating Attack treats target DT as 5 points lower."
    },
    {
      "id": "soldier_gunner",
      "name": "Gunner",
      "class": "Soldier",
      "archetype": "Gunner",
      "description": "A heavy weapons specialist focusing on area suppression and overwhelming firepower.",
      "quote": "More firepower solves most problems.",
      "imagePath": "systems/foundryvtt-swse/assets/templates/soldier_gunner.webp",
      "mentor": "breach",
      "abilityScores": {
        "str": 14,
        "dex": 16,
        "con": 14,
        "int": 12,
        "wis": 10,
        "cha": 8
      },
      "species": "Human",
      "className": "Soldier",
      "level": 1,
      "feat": "Weapon Proficiency (Heavy Weapons)",
      "talent": "Devastating Attack (Heavy Weapons)",
      "talentTree": "Weapon Specialist",
      "trainedSkills": [
        "initiative",
        "perception",
        "endurance",
        "mechanics"
      ],
      "forcePowers": [],
      "startingEquipment": [
        "Heavy Blaster Rifle",
        "Blast Helmet and Vest",
        "Bandolier",
        "Comlink, Short-Range",
        "Medpac"
      ],
      "credits": -350,
      "notes": "3d10 damage with autofire capability. Excels at suppressing multiple enemies."
    },
    {
      "id": "soldier_brawler",
      "name": "Brawler",
      "class": "Soldier",
      "archetype": "Brawler",
      "description": "A powerful melee combatant dealing massive damage in close quarters combat.",
      "quote": "Let them feel the fury of my blade!",
      "imagePath": "systems/foundryvtt-swse/assets/templates/soldier_brawler.webp",
      "mentor": "breach",
      "abilityScores": {
        "str": 16,
        "dex": 14,
        "con": 14,
        "int": 10,
        "wis": 12,
        "cha": 8
      },
      "species": "Wookiee",
      "className": "Soldier",
      "level": 1,
      "feat": "Weapon Proficiency (Advanced Melee)",
      "talent": "Devastating Attack (Advanced Melee)",
      "talentTree": "Weapon Specialist",
      "trainedSkills": [
        "initiative",
        "endurance",
        "perception"
      ],
      "forcePowers": [],
      "startingEquipment": [
        "Vibroblade",
        "Blast Helmet and Vest",
        "Combat Jumpsuit",
        "Comlink, Short-Range",
        "Medpac"
      ],
      "credits": -750,
      "notes": "Attack +6, 2d10+7 damage (with 2-handed STR bonus). HP 36. Wookiee STR bonus makes this devastating."
    },
    {
      "id": "soldier_tank",
      "name": "Tank",
      "class": "Soldier",
      "archetype": "Tank",
      "description": "An armored defender designed to absorb massive amounts of damage and protect allies.",
      "quote": "Behind me, soldier. I'll handle this.",
      "imagePath": "systems/foundryvtt-swse/assets/templates/soldier_tank.webp",
      "mentor": "breach",
      "abilityScores": {
        "str": 12,
        "dex": 14,
        "con": 16,
        "int": 10,
        "wis": 12,
        "cha": 8
      },
      "species": "Gen'Dai",
      "className": "Soldier",
      "level": 1,
      "feat": "Armor Proficiency (Heavy)",
      "talent": "Devastating Attack (Rifles)",
      "talentTree": "Weapon Specialist",
      "trainedSkills": [
        "endurance",
        "perception",
        "initiative"
      ],
      "forcePowers": [],
      "startingEquipment": [
        "Blaster Rifle",
        "Blast Helmet and Vest",
        "Medpac",
        "Comlink, Short-Range",
        "Power Pack"
      ],
      "credits": 225,
      "notes": "HP 40, Reflex 21, Fort 19. Gen'Dai damage threshold is doubled! Extremely durable frontline tank."
    },
    {
      "id": "nonheroic_worker",
      "name": "Worker",
      "class": "Nonheroic",
      "archetype": "Worker",
      "description": "A skilled laborer, mechanic, or technician. Workers are the backbone of galactic civilization, maintaining infrastructure and repairing equipment.",
      "quote": "Honest work, honest pay. That's all I need.",
      "imagePath": "systems/foundryvtt-swse/assets/templates/nonheroic_worker.webp",
      "mentor": null,
      "abilityScores": {
        "str": 12,
        "dex": 10,
        "con": 13,
        "int": 12,
        "wis": 11,
        "cha": 8
      },
      "species": "Human",
      "className": "Nonheroic",
      "level": 1,
      "feat": "Skill Focus (Mechanics)",
      "talent": null,
      "talentTree": null,
      "trainedSkills": [
        "mechanics",
        "use_computer"
      ],
      "forcePowers": [],
      "startingEquipment": [
        "Tool Kit",
        "Comlink, Short-Range",
        "Medpac"
      ],
      "credits": 125,
      "notes": "Mechanics +10, HP ~7 (1d4+1). 3 starting feats: Skill Training (Mechanics), Skill Training (Use Computer), Skill Focus (Mechanics). Workers make excellent technicians and support personnel. Extra 820 credits in equipment for field work."
    },
    {
      "id": "nonheroic_trooper",
      "name": "Trooper",
      "class": "Nonheroic",
      "archetype": "Trooper",
      "description": "A baseline soldier, guard, or militia member. Troopers have basic military training but lack the experience and skill of true heroes.",
      "quote": "Following orders. That's what keeps the galaxy running.",
      "imagePath": "systems/foundryvtt-swse/assets/templates/nonheroic_trooper.webp",
      "mentor": null,
      "abilityScores": {
        "str": 13,
        "dex": 12,
        "con": 12,
        "int": 10,
        "wis": 11,
        "cha": 8
      },
      "species": "Human",
      "className": "Nonheroic",
      "level": 1,
      "feat": "Weapon Proficiency (Rifles)",
      "talent": null,
      "talentTree": null,
      "trainedSkills": [
        "perception",
        "initiative"
      ],
      "forcePowers": [],
      "startingEquipment": [
        "Blaster Rifle",
        "Blaster Pistol",
        "Blast Helmet and Vest",
        "Comlink, Short-Range",
        "Power Pack",
        "Medpac"
      ],
      "credits": -1850,
      "notes": "Attack +1, Reflex 11, HP ~7 (1d4+1). 3 starting feats: Armor Proficiency (Light), Weapon Proficiency (Rifles), Weapon Proficiency (Pistols). Standard military trooper. Extra 755 credits in military equipment."
    },
    {
      "id": "nonheroic_criminal",
      "name": "Criminal",
      "class": "Nonheroic",
      "archetype": "Criminal",
      "description": "A petty thug, gang member, or street criminal. Criminals live on the edge of society, relying on intimidation and violence.",
      "quote": "Credits or your life. Your choice.",
      "imagePath": "systems/foundryvtt-swse/assets/templates/nonheroic_criminal.webp",
      "mentor": null,
      "abilityScores": {
        "str": 12,
        "dex": 13,
        "con": 11,
        "int": 10,
        "wis": 9,
        "cha": 11
      },
      "species": "Human",
      "className": "Nonheroic",
      "level": 1,
      "feat": "Weapon Proficiency (Pistols)",
      "talent": null,
      "talentTree": null,
      "trainedSkills": [
        "deception",
        "stealth"
      ],
      "forcePowers": [],
      "startingEquipment": [
        "Blaster Pistol",
        "Vibrodagger",
        "Comlink, Short-Range"
      ],
      "credits": -575,
      "notes": "Attack +1, Deception +7, HP ~6 (1d4+0). 3 starting feats: Weapon Proficiency (Pistols), Weapon Proficiency (Simple Weapons), Skill Training (Deception). Street criminals and thugs. Extra 750 credits in illicit equipment."
    },
    {
      "id": "nonheroic_merchant",
      "name": "Merchant",
      "class": "Nonheroic",
      "archetype": "Merchant",
      "description": "A trader, shopkeeper, or business professional. Merchants know the value of everything and have connections throughout the commercial sector.",
      "quote": "Everything has a price, my friend. Let's negotiate.",
      "imagePath": "systems/foundryvtt-swse/assets/templates/nonheroic_merchant.webp",
      "mentor": null,
      "abilityScores": {
        "str": 8,
        "dex": 10,
        "con": 10,
        "int": 13,
        "wis": 12,
        "cha": 13
      },
      "species": "Human",
      "className": "Nonheroic",
      "level": 1,
      "feat": "Skill Focus (Persuasion)",
      "talent": null,
      "talentTree": null,
      "trainedSkills": [
        "persuasion",
        "gatherInformation",
        "use_computer"
      ],
      "forcePowers": [],
      "startingEquipment": [
        "Hold-out Blaster",
        "Comlink, Short-Range"
      ],
      "credits": 725,
      "notes": "Persuasion +10, Gather Information +7, HP ~6 (1d4+0). 3 starting feats: Skill Training (Persuasion), Skill Training (Gather Information), Skill Focus (Persuasion). Merchants excel at social interactions. Extra 765 credits in business equipment."
    },
    {
      "id": "nonheroic_police",
      "name": "Police Officer",
      "class": "Nonheroic",
      "archetype": "Police",
      "description": "A law enforcement officer, security guard, or constable. Police maintain order and enforce laws in civilized systems.",
      "quote": "By the authority of the law, stand down!",
      "imagePath": "systems/foundryvtt-swse/assets/templates/nonheroic_police.webp",
      "mentor": null,
      "abilityScores": {
        "str": 12,
        "dex": 11,
        "con": 13,
        "int": 11,
        "wis": 12,
        "cha": 10
      },
      "species": "Human",
      "className": "Nonheroic",
      "level": 1,
      "feat": "Weapon Proficiency (Pistols)",
      "talent": null,
      "talentTree": null,
      "trainedSkills": [
        "perception",
        "gather_information"
      ],
      "forcePowers": [],
      "startingEquipment": [
        "Stun Baton",
        "Blaster Pistol",
        "Blast Helmet and Vest"
      ],
      "credits": -850,
      "notes": "Perception +8, Reflex 11, HP ~7 (1d4+1). 3 starting feats: Armor Proficiency (Light), Weapon Proficiency (Pistols), Skill Training (Perception). Local law enforcement. Extra 775 credits in law enforcement equipment."
    }
  ]
}