{"class_name": "Jedi", "base_class": true, "hit_die": "1d10", "base_hp": 30, "starting_credits": "3d4 x 100", "trained_skills": 2, "class_skills": ["Acrobatics", "Endurance", "Initiative", "Jump", "Knowledge(all skills, taken individually)", "Mechanics", "Perception", "Pilot", "Use the Force"], "talent_trees": ["Jedi Consular", "Jedi Guardian", "Jedi Sentinel", "Lightsaber Combat"], "starting_features": [{"name": "Force Sensitivity", "type": "class_feature"}, {"name": "Weapon Proficiency (Lightsabers)", "type": "proficiency"}, {"name": "Weapon Proficiency (Simple Weapons)", "type": "proficiency"}], "level_progression": [{"level": 1, "bab": 1, "features": [{"name": "Defense Bonuses", "type": "class_feature"}, {"name": "Lightsaber", "type": "class_feature"}, {"name": "Starting Feats", "type": "feat_grant"}, {"name": "Talent", "type": "talent_choice"}], "force_points": 5}, {"level": 2, "bab": 2, "features": [{"name": "Bonus Feat (Jedi)", "type": "feat_choice", "list": "jedi_feats"}], "force_points": 6}, {"level": 3, "bab": 3, "features": [{"name": "Talent", "type": "talent_choice"}], "force_points": 6}, {"level": 4, "bab": 4, "features": [{"name": "Bonus Feat (Jedi)", "type": "feat_choice", "list": "jedi_feats"}], "force_points": 7}, {"level": 5, "bab": 5, "features": [{"name": "Talent", "type": "talent_choice"}], "force_points": 7}, {"level": 6, "bab": 6, "features": [{"name": "Bonus Feat (Jedi)", "type": "feat_choice", "list": "jedi_feats"}], "force_points": 8}, {"level": 7, "bab": 7, "features": [{"name": "Talent", "type": "talent_choice"}, {"name": "Lightsaber Construction", "type": "class_feature"}], "force_points": 8}, {"level": 8, "bab": 8, "features": [{"name": "Bonus Feat (Jedi)", "type": "feat_choice", "list": "jedi_feats"}], "force_points": 9}, {"level": 9, "bab": 9, "features": [{"name": "Talent", "type": "talent_choice"}], "force_points": 9}, {"level": 10, "bab": 10, "features": [{"name": "Bonus Feat (Jedi)", "type": "feat_choice", "list": "jedi_feats"}], "force_points": 10}, {"level": 11, "bab": 11, "features": [{"name": "Talent", "type": "talent_choice"}], "force_points": 10}, {"level": 12, "bab": 12, "features": [{"name": "Bonus Feat (Jedi)", "type": "feat_choice", "list": "jedi_feats"}], "force_points": 11}, {"level": 13, "bab": 13, "features": [{"name": "Talent", "type": "talent_choice"}], "force_points": 11}, {"level": 14, "bab": 14, "features": [{"name": "Bonus Feat (Jedi)", "type": "feat_choice", "list": "jedi_feats"}], "force_points": 12}, {"level": 15, "bab": 15, "features": [{"name": "Talent", "type": "talent_choice"}], "force_points": 12}, {"level": 16, "bab": 16, "features": [{"name": "Bonus Feat (Jedi)", "type": "feat_choice", "list": "jedi_feats"}], "force_points": 13}, {"level": 17, "bab": 17, "features": [{"name": "Talent", "type": "talent_choice"}], "force_points": 13}, {"level": 18, "bab": 18, "features": [{"name": "Bonus Feat (Jedi)", "type": "feat_choice", "list": "jedi_feats"}], "force_points": 14}, {"level": 19, "bab": 19, "features": [{"name": "Talent", "type": "talent_choice"}], "force_points": 14}, {"level": 20, "bab": 20, "features": [{"name": "Bonus Feat (Jedi)", "type": "feat_choice", "list": "jedi_feats"}], "force_points": 15}]}
{"class_name": "Noble", "base_class": true, "hit_die": "1d6", "base_hp": 18, "starting_credits": "3d4 x 400", "trained_skills": 6, "class_skills": ["Deception", "Gather Information", "Initiative", "Knowledge(all skills, taken individually)", "Perception", "Persuasion", "Pilot", "Ride", "Treat Injury", "Use Computer"], "talent_trees": ["Influence", "Inspiration", "Leadership", "Lineage", "Fencing", "Ideologue", "Disgrace", "Collaborator", "Loyal Protector", "Provocateur", "Gambling Leader"], "starting_features": [{"name": "Linguist*", "type": "class_feature"}, {"name": "Weapon Proficiency (Pistols)", "type": "proficiency"}, {"name": "Weapon Proficiency (Simple Weapons)", "type": "proficiency"}], "level_progression": [{"level": 1, "bab": 0, "features": [{"name": "Defense Bonuses", "type": "class_feature"}, {"name": "Starting Feats", "type": "feat_grant"}, {"name": "Talent", "type": "talent_choice"}], "force_points": 5}, {"level": 2, "bab": 1, "features": [{"name": "Bonus Feat (Noble)", "type": "feat_choice", "list": "noble_feats"}], "force_points": 6}, {"level": 3, "bab": 2, "features": [{"name": "Talent", "type": "talent_choice"}], "force_points": 6}, {"level": 4, "bab": 3, "features": [{"name": "Bonus Feat (Noble)", "type": "feat_choice", "list": "noble_feats"}], "force_points": 7}, {"level": 5, "bab": 3, "features": [{"name": "Talent", "type": "talent_choice"}], "force_points": 7}, {"level": 6, "bab": 4, "features": [{"name": "Bonus Feat (Noble)", "type": "feat_choice", "list": "noble_feats"}], "force_points": 8}, {"level": 7, "bab": 5, "features": [{"name": "Talent", "type": "talent_choice"}], "force_points": 8}, {"level": 8, "bab": 6, "features": [{"name": "Bonus Feat (Noble)", "type": "feat_choice", "list": "noble_feats"}], "force_points": 9}, {"level": 9, "bab": 6, "features": [{"name": "Talent", "type": "talent_choice"}], "force_points": 9}, {"level": 10, "bab": 7, "features": [{"name": "Bonus Feat (Noble)", "type": "feat_choice", "list": "noble_feats"}], "force_points": 10}, {"level": 11, "bab": 8, "features": [{"name": "Talent", "type": "talent_choice"}], "force_points": 10}, {"level": 12, "bab": 9, "features": [{"name": "Bonus Feat (Noble)", "type": "feat_choice", "list": "noble_feats"}], "force_points": 11}, {"level": 13, "bab": 9, "features": [{"name": "Talent", "type": "talent_choice"}], "force_points": 11}, {"level": 14, "bab": 10, "features": [{"name": "Bonus Feat (Noble)", "type": "feat_choice", "list": "noble_feats"}], "force_points": 12}, {"level": 15, "bab": 11, "features": [{"name": "Talent", "type": "talent_choice"}], "force_points": 12}, {"level": 16, "bab": 12, "features": [{"name": "Bonus Feat (Noble)", "type": "feat_choice", "list": "noble_feats"}], "force_points": 13}, {"level": 17, "bab": 12, "features": [{"name": "Talent", "type": "talent_choice"}], "force_points": 13}, {"level": 18, "bab": 13, "features": [{"name": "Bonus Feat (Noble)", "type": "feat_choice", "list": "noble_feats"}], "force_points": 14}, {"level": 19, "bab": 14, "features": [{"name": "Talent", "type": "talent_choice"}], "force_points": 14}, {"level": 20, "bab": 15, "features": [{"name": "Bonus Feat (Noble)", "type": "feat_choice", "list": "noble_feats"}], "force_points": 15}]}
{"class_name": "Scoundrel", "base_class": true, "hit_die": "1d6", "base_hp": 18, "starting_credits": "3d4 x 250", "trained_skills": 4, "class_skills": ["Acrobatics", "Deception", "Gather Information", "Initiative", "Knowledge(all skills, taken individually)", "Mechanics", "Perception", "Persuasion", "Pilot", "Stealth", "Use Computer"], "talent_trees": ["Fortune", "Misfortune", "Slicer", "Spacer", "Outlaw Tech", "Malkite Poisoner", "Run and Gun", "Smuggling", "Opportunist", "Recklessness", "Yuuzhan Vong Biotech"], "starting_features": [{"name": "Point-Blank Shot", "type": "class_feature"}, {"name": "Weapon Proficiency (Pistols)", "type": "proficiency"}, {"name": "Weapon Proficiency (Simple Weapons)", "type": "proficiency"}], "level_progression": [{"level": 1, "bab": 0, "features": [{"name": "Defense Bonuses", "type": "class_feature"}, {"name": "Starting Feats", "type": "feat_grant"}, {"name": "Talent", "type": "talent_choice"}], "force_points": 5}, {"level": 2, "bab": 1, "features": [{"name": "Bonus Feat (Scoundrel)", "type": "feat_choice", "list": "scoundrel_feats"}], "force_points": 6}, {"level": 3, "bab": 2, "features": [{"name": "Talent", "type": "talent_choice"}], "force_points": 6}, {"level": 4, "bab": 3, "features": [{"name": "Bonus Feat (Scoundrel)", "type": "feat_choice", "list": "scoundrel_feats"}], "force_points": 7}, {"level": 5, "bab": 3, "features": [{"name": "Talent", "type": "talent_choice"}], "force_points": 7}, {"level": 6, "bab": 4, "features": [{"name": "Bonus Feat (Scoundrel)", "type": "feat_choice", "list": "scoundrel_feats"}], "force_points": 8}, {"level": 7, "bab": 5, "features": [{"name": "Talent", "type": "talent_choice"}], "force_points": 8}, {"level": 8, "bab": 6, "features": [{"name": "Bonus Feat (Scoundrel)", "type": "feat_choice", "list": "scoundrel_feats"}], "force_points": 9}, {"level": 9, "bab": 6, "features": [{"name": "Talent", "type": "talent_choice"}], "force_points": 9}, {"level": 10, "bab": 7, "features": [{"name": "Bonus Feat (Scoundrel)", "type": "feat_choice", "list": "scoundrel_feats"}], "force_points": 10}, {"level": 11, "bab": 8, "features": [{"name": "Talent", "type": "talent_choice"}], "force_points": 10}, {"level": 12, "bab": 9, "features": [{"name": "Bonus Feat (Scoundrel)", "type": "feat_choice", "list": "scoundrel_feats"}], "force_points": 11}, {"level": 13, "bab": 9, "features": [{"name": "Talent", "type": "talent_choice"}], "force_points": 11}, {"level": 14, "bab": 10, "features": [{"name": "Bonus Feat (Scoundrel)", "type": "feat_choice", "list": "scoundrel_feats"}], "force_points": 12}, {"level": 15, "bab": 11, "features": [{"name": "Talent", "type": "talent_choice"}], "force_points": 12}, {"level": 16, "bab": 12, "features": [{"name": "Bonus Feat (Scoundrel)", "type": "feat_choice", "list": "scoundrel_feats"}], "force_points": 13}, {"level": 17, "bab": 12, "features": [{"name": "Talent", "type": "talent_choice"}], "force_points": 13}, {"level": 18, "bab": 13, "features": [{"name": "Bonus Feat (Scoundrel)", "type": "feat_choice", "list": "scoundrel_feats"}], "force_points": 14}, {"level": 19, "bab": 14, "features": [{"name": "Talent", "type": "talent_choice"}], "force_points": 14}, {"level": 20, "bab": 15, "features": [{"name": "Bonus Feat (Scoundrel)", "type": "feat_choice", "list": "scoundrel_feats"}], "force_points": 15}]}
{"class_name": "Scout", "base_class": true, "hit_die": "1d8", "base_hp": 24, "starting_credits": "3d4 x 250", "trained_skills": 5, "class_skills": ["Climb", "Endurance", "Initiative", "Jump", "Knowledge(all skills, taken individually)", "Mechanics", "Perception", "Pilot", "Ride", "Stealth", "Survival", "Swim"], "talent_trees": ["Awareness", "Camouflage", "Fringer", "Survivor", "Hyperspace Explorer", "Spy", "Reconnaissance", "Surveillance", "Unpredictable", "Versatility"], "starting_features": [{"name": "Shake It Off*", "type": "class_feature"}, {"name": "Weapon Proficiency (Pistols)", "type": "proficiency"}, {"name": "Weapon Proficiency (Rifles)", "type": "proficiency"}, {"name": "Weapon Proficiency (Simple Weapons)", "type": "proficiency"}], "level_progression": [{"level": 1, "bab": 0, "features": [{"name": "Defense Bonuses", "type": "class_feature"}, {"name": "Starting Feats", "type": "feat_grant"}, {"name": "Talent", "type": "talent_choice"}], "force_points": 5}, {"level": 2, "bab": 1, "features": [{"name": "Bonus Feat (Scout)", "type": "feat_choice", "list": "scout_feats"}], "force_points": 6}, {"level": 3, "bab": 2, "features": [{"name": "Talent", "type": "talent_choice"}], "force_points": 6}, {"level": 4, "bab": 3, "features": [{"name": "Bonus Feat (Scout)", "type": "feat_choice", "list": "scout_feats"}], "force_points": 7}, {"level": 5, "bab": 3, "features": [{"name": "Talent", "type": "talent_choice"}], "force_points": 7}, {"level": 6, "bab": 4, "features": [{"name": "Bonus Feat (Scout)", "type": "feat_choice", "list": "scout_feats"}], "force_points": 8}, {"level": 7, "bab": 5, "features": [{"name": "Talent", "type": "talent_choice"}], "force_points": 8}, {"level": 8, "bab": 6, "features": [{"name": "Bonus Feat (Scout)", "type": "feat_choice", "list": "scout_feats"}], "force_points": 9}, {"level": 9, "bab": 6, "features": [{"name": "Talent", "type": "talent_choice"}], "force_points": 9}, {"level": 10, "bab": 7, "features": [{"name": "Bonus Feat (Scout)", "type": "feat_choice", "list": "scout_feats"}], "force_points": 10}, {"level": 11, "bab": 8, "features": [{"name": "Talent", "type": "talent_choice"}], "force_points": 10}, {"level": 12, "bab": 9, "features": [{"name": "Bonus Feat (Scout)", "type": "feat_choice", "list": "scout_feats"}], "force_points": 11}, {"level": 13, "bab": 9, "features": [{"name": "Talent", "type": "talent_choice"}], "force_points": 11}, {"level": 14, "bab": 10, "features": [{"name": "Bonus Feat (Scout)", "type": "feat_choice", "list": "scout_feats"}], "force_points": 12}, {"level": 15, "bab": 11, "features": [{"name": "Talent", "type": "talent_choice"}], "force_points": 12}, {"level": 16, "bab": 12, "features": [{"name": "Bonus Feat (Scout)", "type": "feat_choice", "list": "scout_feats"}], "force_points": 13}, {"level": 17, "bab": 12, "features": [{"name": "Talent", "type": "talent_choice"}], "force_points": 13}, {"level": 18, "bab": 13, "features": [{"name": "Bonus Feat (Scout)", "type": "feat_choice", "list": "scout_feats"}], "force_points": 14}, {"level": 19, "bab": 14, "features": [{"name": "Talent", "type": "talent_choice"}], "force_points": 14}, {"level": 20, "bab": 15, "features": [{"name": "Bonus Feat (Scout)", "type": "feat_choice", "list": "scout_feats"}], "force_points": 15}]}
{"class_name": "Soldier", "base_class": true, "hit_die": "1d10", "base_hp": 30, "starting_credits": "3d4 x 250", "trained_skills": 3, "class_skills": ["Climb", "Endurance", "Initiative", "Jump", "Knowledge (Tactics)", "Mechanics", "Perception", "Pilot", "Swim", "Treat Injury", "Use Computer"], "talent_trees": ["Armor Specialist", "Brawler", "Commando", "Weapon Specialist", "Rocket Jumper", "Mercenary", "Squad Leader", "Trooper", "Ambusher", "Brute Squad"], "starting_features": [{"name": "Armor Proficiency (Light)", "type": "proficiency"}, {"name": "Armor Proficiency (Medium)", "type": "proficiency"}, {"name": "Weapon Proficiency (Pistols)", "type": "proficiency"}, {"name": "Weapon Proficiency (Rifles)", "type": "proficiency"}, {"name": "Weapon Proficiency (Simple Weapons)", "type": "proficiency"}], "level_progression": [{"level": 1, "bab": 1, "features": [{"name": "Defense Bonuses", "type": "class_feature"}, {"name": "Starting Feats", "type": "feat_grant"}, {"name": "Talent", "type": "talent_choice"}], "force_points": 5}, {"level": 2, "bab": 2, "features": [{"name": "Bonus Feat (Soldier)", "type": "feat_choice", "list": "soldier_feats"}], "force_points": 6}, {"level": 3, "bab": 3, "features": [{"name": "Talent", "type": "talent_choice"}], "force_points": 6}, {"level": 4, "bab": 4, "features": [{"name": "Bonus Feat (Soldier)", "type": "feat_choice", "list": "soldier_feats"}], "force_points": 7}, {"level": 5, "bab": 5, "features": [{"name": "Talent", "type": "talent_choice"}], "force_points": 7}, {"level": 6, "bab": 6, "features": [{"name": "Bonus Feat (Soldier)", "type": "feat_choice", "list": "soldier_feats"}], "force_points": 8}, {"level": 7, "bab": 7, "features": [{"name": "Talent", "type": "talent_choice"}], "force_points": 8}, {"level": 8, "bab": 8, "features": [{"name": "Bonus Feat (Soldier)", "type": "feat_choice", "list": "soldier_feats"}], "force_points": 9}, {"level": 9, "bab": 9, "features": [{"name": "Talent", "type": "talent_choice"}], "force_points": 9}, {"level": 10, "bab": 10, "features": [{"name": "Bonus Feat (Soldier)", "type": "feat_choice", "list": "soldier_feats"}], "force_points": 10}, {"level": 11, "bab": 11, "features": [{"name": "Talent", "type": "talent_choice"}], "force_points": 10}, {"level": 12, "bab": 12, "features": [{"name": "Bonus Feat (Soldier)", "type": "feat_choice", "list": "soldier_feats"}], "force_points": 11}, {"level": 13, "bab": 13, "features": [{"name": "Talent", "type": "talent_choice"}], "force_points": 11}, {"level": 14, "bab": 14, "features": [{"name": "Bonus Feat (Soldier)", "type": "feat_choice", "list": "soldier_feats"}], "force_points": 12}, {"level": 15, "bab": 15, "features": [{"name": "Talent", "type": "talent_choice"}], "force_points": 12}, {"level": 16, "bab": 16, "features": [{"name": "Bonus Feat (Soldier)", "type": "feat_choice", "list": "soldier_feats"}], "force_points": 13}, {"level": 17, "bab": 17, "features": [{"name": "Talent", "type": "talent_choice"}], "force_points": 13}, {"level": 18, "bab": 18, "features": [{"name": "Bonus Feat (Soldier)", "type": "feat_choice", "list": "soldier_feats"}], "force_points": 14}, {"level": 19, "bab": 19, "features": [{"name": "Talent", "type": "talent_choice"}], "force_points": 14}, {"level": 20, "bab": 20, "features": [{"name": "Bonus Feat (Soldier)", "type": "feat_choice", "list": "soldier_feats"}], "force_points": 15}]}
{"class_name": "Ace Pilot", "base_class": false, "hit_die": "1d8", "base_hp": 20, "starting_credits": null, "trained_skills": null, "class_skills": [], "talent_trees": ["Expert Pilot", "Gunner", "Spacer", "Squadron Leader", "Blockade Runner", "Wingman"], "starting_features": [], "level_progression": [{"level": 1, "bab": 0, "features": [{"name": "Defense Bonuses", "type": "class_feature"}, {"name": "Talent", "type": "talent_choice"}], "force_points": 5}, {"level": 2, "bab": 1, "features": [{"name": "Vehicle Dodge +1", "type": "scaling_feature", "value": 1}], "force_points": 6}, {"level": 3, "bab": 2, "features": [{"name": "Talent", "type": "talent_choice"}], "force_points": 6}, {"level": 4, "bab": 3, "features": [{"name": "Vehicle Dodge +2", "type": "scaling_feature", "value": 2}], "force_points": 7}, {"level": 5, "bab": 3, "features": [{"name": "Talent", "type": "talent_choice"}], "force_points": 7}, {"level": 6, "bab": 4, "features": [{"name": "Vehicle Dodge +3", "type": "scaling_feature", "value": 3}], "force_points": 8}, {"level": 7, "bab": 5, "features": [{"name": "Talent", "type": "talent_choice"}], "force_points": 8}, {"level": 8, "bab": 6, "features": [{"name": "Vehicle Dodge +4", "type": "scaling_feature", "value": 4}], "force_points": 9}, {"level": 9, "bab": 6, "features": [{"name": "Talent", "type": "talent_choice"}], "force_points": 9}, {"level": 10, "bab": 7, "features": [{"name": "Vehicle Dodge +5", "type": "scaling_feature", "value": 5}], "force_points": 10}]}
{"class_name": "Bounty Hunter", "base_class": false, "hit_die": "1d8", "base_hp": 20, "starting_credits": null, "trained_skills": null, "class_skills": [], "talent_trees": ["Awareness", "Bounty Hunter", "Misfortune", "Gand Findsman", "Force Hunter"], "starting_features": [], "level_progression": [{"level": 1, "bab": 1, "features": [{"name": "Defense Bonuses", "type": "class_feature"}, {"name": "Talent", "type": "talent_choice"}], "force_points": 5}, {"level": 2, "bab": 2, "features": [{"name": "Familiar Foe +1", "type": "scaling_feature", "value": 1}], "force_points": 6}, {"level": 3, "bab": 3, "features": [{"name": "Talent", "type": "talent_choice"}], "force_points": 6}, {"level": 4, "bab": 4, "features": [{"name": "Familiar Foe +2", "type": "scaling_feature", "value": 2}], "force_points": 7}, {"level": 5, "bab": 5, "features": [{"name": "Talent", "type": "talent_choice"}], "force_points": 7}, {"level": 6, "bab": 6, "features": [{"name": "Familiar Foe +3", "type": "scaling_feature", "value": 3}], "force_points": 8}, {"level": 7, "bab": 7, "features": [{"name": "Talent", "type": "talent_choice"}], "force_points": 8}, {"level": 8, "bab": 8, "features": [{"name": "Familiar Foe +4", "type": "scaling_feature", "value": 4}], "force_points": 9}, {"level": 9, "bab": 9, "features": [{"name": "Talent", "type": "talent_choice"}], "force_points": 9}, {"level": 10, "bab": 10, "features": [{"name": "Familiar Foe +5", "type": "scaling_feature", "value": 5}], "force_points": 10}]}
{"class_name": "Crime Lord", "base_class": false, "hit_die": "1d8", "base_hp": 20, "starting_credits": null, "trained_skills": null, "class_skills": [], "talent_trees": ["Infamy", "Influence", "Mastermind"], "starting_features": [], "level_progression": [{"level": 1, "bab": 0, "features": [{"name": "Defense Bonuses", "type": "class_feature"}, {"name": "Talent", "type": "talent_choice"}], "force_points": 5}, {"level": 2, "bab": 1, "features": [{"name": "Command Cover +1", "type": "scaling_feature", "value": 1}, {"name": "Talent", "type": "talent_choice"}], "force_points": 6}, {"level": 3, "bab": 2, "features": [{"name": "Talent", "type": "talent_choice"}], "force_points": 6}, {"level": 4, "bab": 3, "features": [{"name": "Command Cover +2", "type": "scaling_feature", "value": 2}, {"name": "Talent", "type": "talent_choice"}], "force_points": 7}, {"level": 5, "bab": 3, "features": [{"name": "Talent", "type": "talent_choice"}], "force_points": 7}, {"level": 6, "bab": 4, "features": [{"name": "Command Cover +3", "type": "scaling_feature", "value": 3}, {"name": "Talent", "type": "talent_choice"}], "force_points": 8}, {"level": 7, "bab": 5, "features": [{"name": "Talent", "type": "talent_choice"}], "force_points": 8}, {"level": 8, "bab": 6, "features": [{"name": "Command Cover +4", "type": "scaling_feature", "value": 4}, {"name": "Talent", "type": "talent_choice"}], "force_points": 9}, {"level": 9, "bab": 6, "features": [{"name": "Talent", "type": "talent_choice"}], "force_points": 9}, {"level": 10, "bab": 7, "features": [{"name": "Command Cover +5", "type": "scaling_feature", "value": 5}, {"name": "Talent", "type": "talent_choice"}], "force_points": 10}]}
{"class_name": "Elite Trooper", "base_class": false, "hit_die": "1d8", "base_hp": 20, "starting_credits": null, "trained_skills": null, "class_skills": [], "talent_trees": ["Camouflage", "Commando", "Weapon Master", "Master of Ter\u00c3\u00a4s K\u00c3\u00a4si", "Mandalorian Warrior", "Critical Master", "Melee Specialist", "Republic Commando", "Protection"], "starting_features": [], "level_progression": [{"level": 1, "bab": 1, "features": [{"name": "Defense Bonuses", "type": "class_feature"}, {"name": "Delay Damage", "type": "class_feature"}, {"name": "Talent", "type": "talent_choice"}], "force_points": 5}, {"level": 2, "bab": 2, "features": [{"name": "Damage Reduction 1", "type": "scaling_feature", "value": 1}], "force_points": 6}, {"level": 3, "bab": 3, "features": [{"name": "Talent", "type": "talent_choice"}], "force_points": 6}, {"level": 4, "bab": 4, "features": [{"name": "Damage Reduction 2", "type": "scaling_feature", "value": 2}], "force_points": 7}, {"level": 5, "bab": 5, "features": [{"name": "Talent", "type": "talent_choice"}], "force_points": 7}, {"level": 6, "bab": 6, "features": [{"name": "Damage Reduction 3", "type": "scaling_feature", "value": 3}], "force_points": 8}, {"level": 7, "bab": 7, "features": [{"name": "Talent", "type": "talent_choice"}], "force_points": 8}, {"level": 8, "bab": 8, "features": [{"name": "Damage Reduction 4", "type": "scaling_feature", "value": 4}], "force_points": 9}, {"level": 9, "bab": 9, "features": [{"name": "Talent", "type": "talent_choice"}], "force_points": 9}, {"level": 10, "bab": 10, "features": [{"name": "Damage Reduction 5", "type": "scaling_feature", "value": 5}], "force_points": 10}]}
{"class_name": "Force Adept", "base_class": false, "hit_die": "1d8", "base_hp": 20, "starting_credits": null, "trained_skills": null, "class_skills": [], "talent_trees": ["Dark Side Devotee", "Force Adept", "Force Item", "Imperial Inquisitor", "Beastwarden", "Mystic", "Telepath"], "starting_features": [], "level_progression": [{"level": 1, "bab": 0, "features": [{"name": "Defense Bonuses", "type": "class_feature"}, {"name": "Talent", "type": "talent_choice"}], "force_points": 5}, {"level": 2, "bab": 1, "features": [{"name": "Force Technique", "type": "force_technique_choice"}], "force_points": 6}, {"level": 3, "bab": 2, "features": [{"name": "Talent", "type": "talent_choice"}], "force_points": 6}, {"level": 4, "bab": 3, "features": [{"name": "Force Technique", "type": "force_technique_choice"}], "force_points": 7}, {"level": 5, "bab": 3, "features": [{"name": "Talent", "type": "talent_choice"}], "force_points": 7}, {"level": 6, "bab": 4, "features": [{"name": "Force Technique", "type": "force_technique_choice"}], "force_points": 8}, {"level": 7, "bab": 5, "features": [{"name": "Talent", "type": "talent_choice"}], "force_points": 8}, {"level": 8, "bab": 6, "features": [{"name": "Force Technique", "type": "force_technique_choice"}], "force_points": 9}, {"level": 9, "bab": 6, "features": [{"name": "Talent", "type": "talent_choice"}], "force_points": 9}, {"level": 10, "bab": 7, "features": [{"name": "Force Technique", "type": "force_technique_choice"}], "force_points": 10}]}
{"class_name": "Force Disciple", "base_class": false, "hit_die": "1d8", "base_hp": 20, "starting_credits": null, "trained_skills": null, "class_skills": [], "talent_trees": ["Force Adept"], "starting_features": [], "level_progression": [{"level": 1, "bab": 0, "features": [{"name": "Defense Bonuses", "type": "class_feature"}, {"name": "Indomitable", "type": "class_feature"}, {"name": "Prophet", "type": "class_feature"}, {"name": "Talent", "type": "talent_choice"}], "force_points": 5}, {"level": 2, "bab": 1, "features": [{"name": "Force Secret", "type": "force_secret_choice"}, {"name": "Prophet", "type": "class_feature"}], "force_points": 6}, {"level": 3, "bab": 2, "features": [{"name": "Force Secret", "type": "force_secret_choice"}, {"name": "Prophet", "type": "class_feature"}, {"name": "Talent", "type": "talent_choice"}], "force_points": 6}, {"level": 4, "bab": 3, "features": [{"name": "Force Secret", "type": "force_secret_choice"}, {"name": "Prophet", "type": "class_feature"}], "force_points": 7}, {"level": 5, "bab": 3, "features": [{"name": "Force Secret", "type": "force_secret_choice"}, {"name": "Prophet", "type": "class_feature"}, {"name": "Talent", "type": "talent_choice"}], "force_points": 7}]}
{"class_name": "Gunslinger", "base_class": false, "hit_die": "1d8", "base_hp": 20, "starting_credits": null, "trained_skills": null, "class_skills": [], "talent_trees": ["Awareness", "Fortune", "Gunslinger", "Pistoleer", "Carbineer"], "starting_features": [], "level_progression": [{"level": 1, "bab": 1, "features": [{"name": "Defense Bonuses", "type": "class_feature"}, {"name": "Talent", "type": "talent_choice"}], "force_points": 5}, {"level": 2, "bab": 2, "features": [{"name": "Trusty Sidearm +1", "type": "scaling_feature", "value": 1}], "force_points": 6}, {"level": 3, "bab": 3, "features": [{"name": "Talent", "type": "talent_choice"}], "force_points": 6}, {"level": 4, "bab": 4, "features": [{"name": "Trusty Sidearm +2", "type": "scaling_feature", "value": 2}], "force_points": 7}, {"level": 5, "bab": 5, "features": [{"name": "Talent", "type": "talent_choice"}], "force_points": 7}, {"level": 6, "bab": 6, "features": [{"name": "Trusty Sidearm +3", "type": "scaling_feature", "value": 3}], "force_points": 8}, {"level": 7, "bab": 7, "features": [{"name": "Talent", "type": "talent_choice"}], "force_points": 8}, {"level": 8, "bab": 8, "features": [{"name": "Trusty Sidearm +4", "type": "scaling_feature", "value": 4}], "force_points": 9}, {"level": 9, "bab": 9, "features": [{"name": "Talent", "type": "talent_choice"}], "force_points": 9}, {"level": 10, "bab": 10, "features": [{"name": "Trusty Sidearm +5", "type": "scaling_feature", "value": 5}], "force_points": 10}]}
{"class_name": "Jedi Knight", "base_class": false, "hit_die": "1d10", "base_hp": 30, "starting_credits": null, "trained_skills": null, "class_skills": [], "talent_trees": ["Armor Specialist", "Duelist", "Lightsaber Combat", "Lightsaber Forms", "Jedi Battlemaster", "Jedi Shadow", "Jedi Watchman", "Jedi Archivist", "Jedi Healer", "Jedi Artisan", "Jedi Instructor", "Jedi Investigator", "Jedi Refugee", "Jedi Weapon Master"], "starting_features": [], "level_progression": [{"level": 1, "bab": 1, "features": [{"name": "Defense Bonuses", "type": "class_feature"}, {"name": "Talent", "type": "talent_choice"}], "force_points": 5}, {"level": 2, "bab": 2, "features": [{"name": "Force Technique", "type": "force_technique_choice"}], "force_points": 6}, {"level": 3, "bab": 3, "features": [{"name": "Talent", "type": "talent_choice"}], "force_points": 6}, {"level": 4, "bab": 4, "features": [{"name": "Force Technique", "type": "force_technique_choice"}], "force_points": 7}, {"level": 5, "bab": 5, "features": [{"name": "Talent", "type": "talent_choice"}], "force_points": 7}, {"level": 6, "bab": 6, "features": [{"name": "Force Technique", "type": "force_technique_choice"}], "force_points": 8}, {"level": 7, "bab": 7, "features": [{"name": "Talent", "type": "talent_choice"}], "force_points": 8}, {"level": 8, "bab": 8, "features": [{"name": "Force Technique", "type": "force_technique_choice"}], "force_points": 9}, {"level": 9, "bab": 9, "features": [{"name": "Talent", "type": "talent_choice"}], "force_points": 9}, {"level": 10, "bab": 10, "features": [{"name": "Force Technique", "type": "force_technique_choice"}], "force_points": 10}]}
{"class_name": "Jedi Master", "base_class": false, "hit_die": "1d10", "base_hp": 30, "starting_credits": null, "trained_skills": null, "class_skills": [], "talent_trees": ["Duelist"], "starting_features": [], "level_progression": [{"level": 1, "bab": 1, "features": [{"name": "Defense Bonuses", "type": "class_feature"}, {"name": "Fearless", "type": "class_feature"}, {"name": "Serenity", "type": "class_feature"}, {"name": "Talent", "type": "talent_choice"}], "force_points": 5}, {"level": 2, "bab": 2, "features": [{"name": "Force Secret", "type": "force_secret_choice"}], "force_points": 6}, {"level": 3, "bab": 3, "features": [{"name": "Force Secret", "type": "force_secret_choice"}, {"name": "Talent", "type": "talent_choice"}], "force_points": 6}, {"level": 4, "bab": 4, "features": [{"name": "Force Secret", "type": "force_secret_choice"}], "force_points": 7}, {"level": 5, "bab": 5, "features": [{"name": "Force Secret", "type": "force_secret_choice"}, {"name": "Talent", "type": "talent_choice"}], "force_points": 7}]}
{"class_name": "Officer", "base_class": false, "hit_die": "1d8", "base_hp": 20, "starting_credits": null, "trained_skills": null, "class_skills": [], "talent_trees": ["Commando", "Leadership", "Military Tactics", "Naval Officer", "Fugitive Commander", "Rebel Recruiter"], "starting_features": [], "level_progression": [{"level": 1, "bab": 1, "features": [{"name": "Defense Bonuses", "type": "class_feature"}, {"name": "Talent", "type": "talent_choice"}], "force_points": 5}, {"level": 2, "bab": 2, "features": [{"name": "Command Cover +1", "type": "scaling_feature", "value": 1}, {"name": "Share Talent", "type": "talent_choice"}], "force_points": 6}, {"level": 3, "bab": 3, "features": [{"name": "Talent", "type": "talent_choice"}], "force_points": 6}, {"level": 4, "bab": 4, "features": [{"name": "Command Cover +2", "type": "scaling_feature", "value": 2}, {"name": "Share Talent", "type": "talent_choice"}], "force_points": 7}, {"level": 5, "bab": 5, "features": [{"name": "Talent", "type": "talent_choice"}], "force_points": 7}, {"level": 6, "bab": 6, "features": [{"name": "Command Cover +3", "type": "scaling_feature", "value": 3}, {"name": "Share Talent", "type": "talent_choice"}], "force_points": 8}, {"level": 7, "bab": 7, "features": [{"name": "Talent", "type": "talent_choice"}], "force_points": 8}, {"level": 8, "bab": 8, "features": [{"name": "Command Cover +4", "type": "scaling_feature", "value": 4}, {"name": "Share Talent", "type": "talent_choice"}], "force_points": 9}, {"level": 9, "bab": 9, "features": [{"name": "Talent", "type": "talent_choice"}], "force_points": 9}, {"level": 10, "bab": 10, "features": [{"name": "Command Cover +5", "type": "scaling_feature", "value": 5}, {"name": "Share Talent", "type": "talent_choice"}], "force_points": 10}]}
{"class_name": "Sith Apprentice", "base_class": false, "hit_die": "1d8", "base_hp": 20, "starting_credits": null, "trained_skills": null, "class_skills": [], "talent_trees": ["Armor Specialist", "Duelist", "Lightsaber Combat", "Sith", "Sith Alchemy", "Sith Commander"], "starting_features": [], "level_progression": [{"level": 1, "bab": 1, "features": [{"name": "Defense Bonuses", "type": "class_feature"}, {"name": "Talent", "type": "talent_choice"}], "force_points": 5}, {"level": 2, "bab": 2, "features": [{"name": "Force Technique", "type": "force_technique_choice"}], "force_points": 6}, {"level": 3, "bab": 3, "features": [{"name": "Talent", "type": "talent_choice"}], "force_points": 6}, {"level": 4, "bab": 4, "features": [{"name": "Force Technique", "type": "force_technique_choice"}], "force_points": 7}, {"level": 5, "bab": 5, "features": [{"name": "Talent", "type": "talent_choice"}], "force_points": 7}, {"level": 6, "bab": 6, "features": [{"name": "Force Technique", "type": "force_technique_choice"}], "force_points": 8}, {"level": 7, "bab": 7, "features": [{"name": "Talent", "type": "talent_choice"}], "force_points": 8}, {"level": 8, "bab": 8, "features": [{"name": "Force Technique", "type": "force_technique_choice"}], "force_points": 9}, {"level": 9, "bab": 9, "features": [{"name": "Talent", "type": "talent_choice"}], "force_points": 9}, {"level": 10, "bab": 10, "features": [{"name": "Force Technique", "type": "force_technique_choice"}], "force_points": 10}]}
{"class_name": "Sith Lord", "base_class": false, "hit_die": "1d8", "base_hp": 20, "starting_credits": null, "trained_skills": null, "class_skills": [], "talent_trees": ["Sith"], "starting_features": [], "level_progression": [{"level": 1, "bab": 1, "features": [{"name": "Defense Bonuses", "type": "class_feature"}, {"name": "Fearless", "type": "class_feature"}, {"name": "Talent", "type": "talent_choice"}, {"name": "Temptation", "type": "class_feature"}], "force_points": 5}, {"level": 2, "bab": 2, "features": [{"name": "Force Secret", "type": "force_secret_choice"}], "force_points": 6}, {"level": 3, "bab": 3, "features": [{"name": "Force Secret", "type": "force_secret_choice"}, {"name": "Talent", "type": "talent_choice"}], "force_points": 6}, {"level": 4, "bab": 4, "features": [{"name": "Force Secret", "type": "force_secret_choice"}], "force_points": 7}, {"level": 5, "bab": 5, "features": [{"name": "Force Secret", "type": "force_secret_choice"}, {"name": "Talent", "type": "talent_choice"}], "force_points": 7}]}
{"class_name": "Corporate Agent", "base_class": false, "hit_die": "1d8", "base_hp": 20, "starting_credits": null, "trained_skills": null, "class_skills": [], "talent_trees": ["Leadership", "Lineage", "Corporate Power"], "starting_features": [], "level_progression": [{"level": 1, "bab": 0, "features": [{"name": "Defense Bonuses", "type": "class_feature"}, {"name": "Talent", "type": "talent_choice"}], "force_points": 5}, {"level": 2, "bab": 1, "features": [{"name": "Executive Leadership (1/Encounter)", "type": "scaling_feature", "value": 1}], "force_points": 6}, {"level": 3, "bab": 2, "features": [{"name": "Talent", "type": "talent_choice"}], "force_points": 6}, {"level": 4, "bab": 3, "features": [{"name": "Executive Leadership (2/Encounter)", "type": "scaling_feature", "value": 2}], "force_points": 7}, {"level": 5, "bab": 3, "features": [{"name": "Talent", "type": "talent_choice"}], "force_points": 7}, {"level": 6, "bab": 4, "features": [{"name": "Executive Leadership (3/Encounter)", "type": "scaling_feature", "value": 3}], "force_points": 8}, {"level": 7, "bab": 5, "features": [{"name": "Talent", "type": "talent_choice"}], "force_points": 8}, {"level": 8, "bab": 6, "features": [{"name": "Executive Leadership (4/Encounter)", "type": "scaling_feature", "value": 4}], "force_points": 9}, {"level": 9, "bab": 6, "features": [{"name": "Talent", "type": "talent_choice"}], "force_points": 9}, {"level": 10, "bab": 7, "features": [{"name": "Executive Leadership (5/Encounter)", "type": "scaling_feature", "value": 5}], "force_points": 10}]}
{"class_name": "Gladiator", "base_class": false, "hit_die": "1d8", "base_hp": 20, "starting_credits": null, "trained_skills": null, "class_skills": [], "talent_trees": ["Armor Specialist", "Awareness", "Gladiatorial Combat"], "starting_features": [], "level_progression": [{"level": 1, "bab": 1, "features": [{"name": "Defense Bonuses", "type": "class_feature"}, {"name": "Talent", "type": "talent_choice"}], "force_points": 5}, {"level": 2, "bab": 2, "features": [{"name": "Unflinching (1/Encounter)", "type": "scaling_feature", "value": 1}], "force_points": 6}, {"level": 3, "bab": 3, "features": [{"name": "Talent", "type": "talent_choice"}], "force_points": 6}, {"level": 4, "bab": 4, "features": [{"name": "Unflinching (2/Encounter)", "type": "scaling_feature", "value": 2}], "force_points": 7}, {"level": 5, "bab": 5, "features": [{"name": "Talent", "type": "talent_choice"}], "force_points": 7}, {"level": 6, "bab": 6, "features": [{"name": "Unflinching (3/Encounter)", "type": "scaling_feature", "value": 3}], "force_points": 8}, {"level": 7, "bab": 7, "features": [{"name": "Talent", "type": "talent_choice"}], "force_points": 8}, {"level": 8, "bab": 8, "features": [{"name": "Unflinching (4/Encounter)", "type": "scaling_feature", "value": 4}], "force_points": 9}, {"level": 9, "bab": 9, "features": [{"name": "Talent", "type": "talent_choice"}], "force_points": 9}, {"level": 10, "bab": 10, "features": [{"name": "Unflinching (5/Encounter)", "type": "scaling_feature", "value": 5}], "force_points": 10}]}
{"class_name": "Melee Duelist", "base_class": false, "hit_die": "1d8", "base_hp": 20, "starting_credits": null, "trained_skills": null, "class_skills": [], "talent_trees": ["Brawler", "Weapon Specialist", "Melee Duelist"], "starting_features": [], "level_progression": [{"level": 1, "bab": 1, "features": [{"name": "Defense Bonuses", "type": "class_feature"}, {"name": "Talent", "type": "talent_choice"}], "force_points": 5}, {"level": 2, "bab": 2, "features": [{"name": "Master of Movement (1/Encounter)", "type": "scaling_feature", "value": 1}], "force_points": 6}, {"level": 3, "bab": 3, "features": [{"name": "Talent", "type": "talent_choice"}], "force_points": 6}, {"level": 4, "bab": 4, "features": [{"name": "Master of Movement (2/Encounter)", "type": "scaling_feature", "value": 2}], "force_points": 7}, {"level": 5, "bab": 5, "features": [{"name": "Talent", "type": "talent_choice"}], "force_points": 7}, {"level": 6, "bab": 6, "features": [{"name": "Master of Movement (3/Encounter)", "type": "scaling_feature", "value": 3}], "force_points": 8}, {"level": 7, "bab": 7, "features": [{"name": "Talent", "type": "talent_choice"}], "force_points": 8}, {"level": 8, "bab": 8, "features": [{"name": "Master of Movement (4/Encounter)", "type": "scaling_feature", "value": 4}], "force_points": 9}, {"level": 9, "bab": 9, "features": [{"name": "Talent", "type": "talent_choice"}], "force_points": 9}, {"level": 10, "bab": 10, "features": [{"name": "Master of Movement (5/Encounter)", "type": "scaling_feature", "value": 5}], "force_points": 10}]}
{"class_name": "Enforcer", "base_class": false, "hit_die": "1d8", "base_hp": 20, "starting_credits": null, "trained_skills": null, "class_skills": [], "talent_trees": ["Survivor", "Enforcement"], "starting_features": [], "level_progression": [{"level": 1, "bab": 0, "features": [{"name": "Defense Bonuses", "type": "class_feature"}, {"name": "Resources", "type": "class_feature"}, {"name": "Talent", "type": "talent_choice"}], "force_points": 5}, {"level": 2, "bab": 1, "features": [{"name": "Resources", "type": "class_feature"}, {"name": "Targeted Suspect +1", "type": "scaling_feature", "value": 1}], "force_points": 6}, {"level": 3, "bab": 2, "features": [{"name": "Resources", "type": "class_feature"}, {"name": "Talent", "type": "talent_choice"}], "force_points": 6}, {"level": 4, "bab": 3, "features": [{"name": "Resources", "type": "class_feature"}, {"name": "Targeted Suspect +2", "type": "scaling_feature", "value": 2}], "force_points": 7}, {"level": 5, "bab": 3, "features": [{"name": "Resources", "type": "class_feature"}, {"name": "Talent", "type": "talent_choice"}], "force_points": 7}, {"level": 6, "bab": 4, "features": [{"name": "Resources", "type": "class_feature"}, {"name": "Targeted Suspect +3", "type": "scaling_feature", "value": 3}], "force_points": 8}, {"level": 7, "bab": 5, "features": [{"name": "Resources", "type": "class_feature"}, {"name": "Talent", "type": "talent_choice"}], "force_points": 8}, {"level": 8, "bab": 6, "features": [{"name": "Resources", "type": "class_feature"}, {"name": "Targeted Suspect +4", "type": "scaling_feature", "value": 4}], "force_points": 9}, {"level": 9, "bab": 6, "features": [{"name": "Resources", "type": "class_feature"}, {"name": "Talent", "type": "talent_choice"}], "force_points": 9}, {"level": 10, "bab": 7, "features": [{"name": "Resources", "type": "class_feature"}, {"name": "Targeted Suspect +5", "type": "scaling_feature", "value": 5}], "force_points": 10}]}
{"class_name": "Independent Droid", "base_class": false, "hit_die": "1d8", "base_hp": 20, "starting_credits": null, "trained_skills": null, "class_skills": [], "talent_trees": ["Autonomy", "Specialized Droid"], "starting_features": [], "level_progression": [{"level": 1, "bab": 0, "features": [{"name": "Defense Bonuses", "type": "class_feature"}, {"name": "Sapience", "type": "class_feature"}, {"name": "Talent", "type": "talent_choice"}], "force_points": 5}, {"level": 2, "bab": 1, "features": [{"name": "Independent Spirit +1", "type": "scaling_feature", "value": 1}], "force_points": 6}, {"level": 3, "bab": 2, "features": [{"name": "Talent", "type": "talent_choice"}], "force_points": 6}, {"level": 4, "bab": 3, "features": [{"name": "Independent Spirit +2", "type": "scaling_feature", "value": 2}], "force_points": 7}, {"level": 5, "bab": 3, "features": [{"name": "Talent", "type": "talent_choice"}], "force_points": 7}, {"level": 6, "bab": 4, "features": [{"name": "Independent Spirit +3", "type": "scaling_feature", "value": 3}], "force_points": 8}, {"level": 7, "bab": 5, "features": [{"name": "Talent", "type": "talent_choice"}], "force_points": 8}, {"level": 8, "bab": 6, "features": [{"name": "Independent Spirit +4", "type": "scaling_feature", "value": 4}], "force_points": 9}, {"level": 9, "bab": 6, "features": [{"name": "Talent", "type": "talent_choice"}], "force_points": 9}, {"level": 10, "bab": 7, "features": [{"name": "Independent Spirit +5", "type": "scaling_feature", "value": 5}], "force_points": 10}]}
{"class_name": "Infiltrator", "base_class": false, "hit_die": "1d8", "base_hp": 20, "starting_credits": null, "trained_skills": null, "class_skills": [], "talent_trees": ["Camouflage", "Bothan SpyNet", "Infiltration", "Spy"], "starting_features": [], "level_progression": [{"level": 1, "bab": 0, "features": [{"name": "Defense Bonuses", "type": "class_feature"}, {"name": "Talent", "type": "talent_choice"}], "force_points": 5}, {"level": 2, "bab": 1, "features": [{"name": "Unarmed Stun (+1d_)", "type": "scaling_feature", "value": 1}], "force_points": 6}, {"level": 3, "bab": 2, "features": [{"name": "Talent", "type": "talent_choice"}], "force_points": 6}, {"level": 4, "bab": 3, "features": [{"name": "Lead Infiltrator", "type": "class_feature"}], "force_points": 7}, {"level": 5, "bab": 3, "features": [{"name": "Talent", "type": "talent_choice"}], "force_points": 7}, {"level": 6, "bab": 4, "features": [{"name": "Unarmed Stun (+2d_)", "type": "scaling_feature", "value": 2}], "force_points": 8}, {"level": 7, "bab": 5, "features": [{"name": "Talent", "type": "talent_choice"}], "force_points": 8}, {"level": 8, "bab": 6, "features": [{"name": "Lead Infiltrator (x2)", "type": "scaling_feature", "value": 2}], "force_points": 9}, {"level": 9, "bab": 6, "features": [{"name": "Talent", "type": "talent_choice"}], "force_points": 9}, {"level": 10, "bab": 7, "features": [{"name": "Unarmed Stun (+3d_)", "type": "scaling_feature", "value": 3}], "force_points": 10}]}
{"class_name": "Master Privateer", "base_class": false, "hit_die": "1d8", "base_hp": 20, "starting_credits": null, "trained_skills": null, "class_skills": [], "talent_trees": ["Infamy", "Spacer", "Privateer", "Piracy"], "starting_features": [], "level_progression": [{"level": 1, "bab": 1, "features": [{"name": "Defense Bonuses", "type": "class_feature"}, {"name": "Lure of Piracy", "type": "class_feature"}, {"name": "Talent", "type": "talent_choice"}], "force_points": 5}, {"level": 2, "bab": 2, "features": [{"name": "Veteran Privateer (1/Encounter)", "type": "scaling_feature", "value": 1}], "force_points": 6}, {"level": 3, "bab": 3, "features": [{"name": "Talent", "type": "talent_choice"}], "force_points": 6}, {"level": 4, "bab": 4, "features": [{"name": "Veteran Privateer (2/Encounter)", "type": "scaling_feature", "value": 2}], "force_points": 7}, {"level": 5, "bab": 5, "features": [{"name": "Talent", "type": "talent_choice"}], "force_points": 7}, {"level": 6, "bab": 6, "features": [{"name": "Veteran Privateer (3/Encounter)", "type": "scaling_feature", "value": 3}], "force_points": 8}, {"level": 7, "bab": 7, "features": [{"name": "Talent", "type": "talent_choice"}], "force_points": 8}, {"level": 8, "bab": 8, "features": [{"name": "Veteran Privateer (4/Encounter)", "type": "scaling_feature", "value": 4}], "force_points": 9}, {"level": 9, "bab": 9, "features": [{"name": "Talent", "type": "talent_choice"}], "force_points": 9}, {"level": 10, "bab": 10, "features": [{"name": "Veteran Privateer (5/Encounter)", "type": "scaling_feature", "value": 5}], "force_points": 10}]}
{"class_name": "Medic", "base_class": false, "hit_die": "1d8", "base_hp": 20, "starting_credits": null, "trained_skills": null, "class_skills": [], "talent_trees": ["Survivor", "Advanced Medicine"], "starting_features": [], "level_progression": [{"level": 1, "bab": 0, "features": [{"name": "Defense Bonuses", "type": "class_feature"}, {"name": "Talent", "type": "talent_choice"}], "force_points": 5}, {"level": 2, "bab": 1, "features": [{"name": "Medical Secret", "type": "medical_secret_choice"}], "force_points": 6}, {"level": 3, "bab": 2, "features": [{"name": "Talent", "type": "talent_choice"}], "force_points": 6}, {"level": 4, "bab": 3, "features": [{"name": "Medical Secret", "type": "medical_secret_choice"}], "force_points": 7}, {"level": 5, "bab": 3, "features": [{"name": "Talent", "type": "talent_choice"}], "force_points": 7}, {"level": 6, "bab": 4, "features": [{"name": "Medical Secret", "type": "medical_secret_choice"}], "force_points": 8}, {"level": 7, "bab": 5, "features": [{"name": "Talent", "type": "talent_choice"}], "force_points": 8}, {"level": 8, "bab": 6, "features": [{"name": "Medical Secret", "type": "medical_secret_choice"}], "force_points": 9}, {"level": 9, "bab": 6, "features": [{"name": "Talent", "type": "talent_choice"}], "force_points": 9}, {"level": 10, "bab": 7, "features": [{"name": "Medical Secret", "type": "medical_secret_choice"}], "force_points": 10}]}
{"class_name": "Saboteur", "base_class": false, "hit_die": "1d8", "base_hp": 20, "starting_credits": null, "trained_skills": null, "class_skills": [], "talent_trees": ["Misfortune", "Slicer", "Sabotage", "Turret"], "starting_features": [], "level_progression": [{"level": 1, "bab": 0, "features": [{"name": "Defense Bonuses", "type": "class_feature"}, {"name": "Talent", "type": "talent_choice"}, {"name": "Unexpected Results", "type": "class_feature"}], "force_points": 5}, {"level": 2, "bab": 1, "features": [{"name": "Destructive", "type": "class_feature"}], "force_points": 6}, {"level": 3, "bab": 2, "features": [{"name": "Talent", "type": "talent_choice"}], "force_points": 6}, {"level": 4, "bab": 3, "features": [{"name": "Quick Sabotage (Simple Devices)", "type": "class_feature"}], "force_points": 7}, {"level": 5, "bab": 3, "features": [{"name": "Talent", "type": "talent_choice"}], "force_points": 7}, {"level": 6, "bab": 4, "features": [{"name": "Quick Sabotage (Tricky Devices)", "type": "class_feature"}], "force_points": 8}, {"level": 7, "bab": 5, "features": [{"name": "Talent", "type": "talent_choice"}], "force_points": 8}, {"level": 8, "bab": 6, "features": [{"name": "Quick Sabotage (Complex Devices)", "type": "class_feature"}], "force_points": 9}, {"level": 9, "bab": 6, "features": [{"name": "Talent", "type": "talent_choice"}], "force_points": 9}, {"level": 10, "bab": 7, "features": [{"name": "Master Saboteur", "type": "class_feature"}], "force_points": 10}]}
{"class_name": "Assassin", "base_class": false, "hit_die": "1d8", "base_hp": 20, "starting_credits": null, "trained_skills": null, "class_skills": [], "talent_trees": ["Misfortune", "Malkite Poisoner", "Assassin", "GenoHaradan"], "starting_features": [], "level_progression": [{"level": 1, "bab": 1, "features": [{"name": "Defense Bonuses", "type": "class_feature"}, {"name": "Talent", "type": "talent_choice"}], "force_points": 5}, {"level": 2, "bab": 2, "features": [{"name": "Mark +1", "type": "scaling_feature", "value": 1}], "force_points": 6}, {"level": 3, "bab": 3, "features": [{"name": "Talent", "type": "talent_choice"}], "force_points": 6}, {"level": 4, "bab": 4, "features": [{"name": "Mark +2", "type": "scaling_feature", "value": 2}], "force_points": 7}, {"level": 5, "bab": 5, "features": [{"name": "Talent", "type": "talent_choice"}], "force_points": 7}, {"level": 6, "bab": 6, "features": [{"name": "Mark +3", "type": "scaling_feature", "value": 3}], "force_points": 8}, {"level": 7, "bab": 7, "features": [{"name": "Talent", "type": "talent_choice"}], "force_points": 8}, {"level": 8, "bab": 8, "features": [{"name": "Mark +4", "type": "scaling_feature", "value": 4}], "force_points": 9}, {"level": 9, "bab": 9, "features": [{"name": "Talent", "type": "talent_choice"}], "force_points": 9}, {"level": 10, "bab": 10, "features": [{"name": "Mark +5", "type": "scaling_feature", "value": 5}], "force_points": 10}]}
{"class_name": "Charlatan", "base_class": false, "hit_die": "1d8", "base_hp": 20, "starting_credits": null, "trained_skills": null, "class_skills": [], "talent_trees": ["Disgrace", "Trickery"], "starting_features": [], "level_progression": [{"level": 1, "bab": 0, "features": [{"name": "Defense Bonuses", "type": "class_feature"}, {"name": "Talent", "type": "talent_choice"}], "force_points": 5}, {"level": 2, "bab": 1, "features": [{"name": "Score", "type": "class_feature"}], "force_points": 6}, {"level": 3, "bab": 2, "features": [{"name": "Talent", "type": "talent_choice"}], "force_points": 6}, {"level": 4, "bab": 3, "features": [{"name": "Swindle", "type": "class_feature"}], "force_points": 7}, {"level": 5, "bab": 3, "features": [{"name": "Talent", "type": "talent_choice"}], "force_points": 7}, {"level": 6, "bab": 4, "features": [{"name": "Swindle +1", "type": "scaling_feature", "value": 1}], "force_points": 8}, {"level": 7, "bab": 5, "features": [{"name": "Talent", "type": "talent_choice"}], "force_points": 8}, {"level": 8, "bab": 6, "features": [{"name": "Swindle +2", "type": "scaling_feature", "value": 2}], "force_points": 9}, {"level": 9, "bab": 6, "features": [{"name": "Talent", "type": "talent_choice"}], "force_points": 9}, {"level": 10, "bab": 7, "features": [{"name": "Swindle +5", "type": "scaling_feature", "value": 5}], "force_points": 10}]}
{"class_name": "Outlaw", "base_class": false, "hit_die": "1d8", "base_hp": 20, "starting_credits": null, "trained_skills": null, "class_skills": [], "talent_trees": ["Fringer", "Survivor", "Slicer", "Outlaw"], "starting_features": [], "level_progression": [{"level": 1, "bab": 0, "features": [{"name": "Defense Bonuses", "type": "class_feature"}, {"name": "Talent", "type": "talent_choice"}], "force_points": 5}, {"level": 2, "bab": 1, "features": [{"name": "Fugitive +1", "type": "scaling_feature", "value": 1}], "force_points": 6}, {"level": 3, "bab": 2, "features": [{"name": "Talent", "type": "talent_choice"}], "force_points": 6}, {"level": 4, "bab": 3, "features": [{"name": "Fugitive +2", "type": "scaling_feature", "value": 2}], "force_points": 7}, {"level": 5, "bab": 3, "features": [{"name": "Talent", "type": "talent_choice"}], "force_points": 7}, {"level": 6, "bab": 4, "features": [{"name": "Fugitive +3", "type": "scaling_feature", "value": 3}], "force_points": 8}, {"level": 7, "bab": 5, "features": [{"name": "Talent", "type": "talent_choice"}], "force_points": 8}, {"level": 8, "bab": 6, "features": [{"name": "Fugitive +4", "type": "scaling_feature", "value": 4}], "force_points": 9}, {"level": 9, "bab": 6, "features": [{"name": "Talent", "type": "talent_choice"}], "force_points": 9}, {"level": 10, "bab": 7, "features": [{"name": "Fugitive +5", "type": "scaling_feature", "value": 5}], "force_points": 10}]}
{"class_name": "Droid Commander", "base_class": false, "hit_die": "1d8", "base_hp": 20, "starting_credits": null, "trained_skills": null, "class_skills": [], "talent_trees": ["Inspiration", "Leadership", "Droid Commander"], "starting_features": [], "level_progression": [{"level": 1, "bab": 1, "features": [{"name": "Defense Bonuses", "type": "class_feature"}, {"name": "Talent", "type": "talent_choice"}], "force_points": 5}, {"level": 2, "bab": 2, "features": [{"name": "Networked Mind (1 Droid Ally)", "type": "scaling_feature", "value": 1}], "force_points": 6}, {"level": 3, "bab": 3, "features": [{"name": "Talent", "type": "talent_choice"}], "force_points": 6}, {"level": 4, "bab": 4, "features": [{"name": "Networked Mind (2 Droid Allies)", "type": "scaling_feature", "value": 2}], "force_points": 7}, {"level": 5, "bab": 5, "features": [{"name": "Talent", "type": "talent_choice"}], "force_points": 7}, {"level": 6, "bab": 6, "features": [{"name": "Networked Mind (3 Droid Allies)", "type": "scaling_feature", "value": 3}], "force_points": 8}, {"level": 7, "bab": 7, "features": [{"name": "Talent", "type": "talent_choice"}], "force_points": 8}, {"level": 8, "bab": 8, "features": [{"name": "Networked Mind (4 Droid Allies)", "type": "scaling_feature", "value": 4}], "force_points": 9}, {"level": 9, "bab": 9, "features": [{"name": "Talent", "type": "talent_choice"}], "force_points": 9}, {"level": 10, "bab": 10, "features": [{"name": "Networked Mind (5 Droid Allies)", "type": "scaling_feature", "value": 5}], "force_points": 10}]}
{"class_name": "Military Engineer", "base_class": false, "hit_die": "1d8", "base_hp": 20, "starting_credits": null, "trained_skills": null, "class_skills": [], "talent_trees": ["Outlaw Tech", "Military Engineer"], "starting_features": [], "level_progression": [{"level": 1, "bab": 0, "features": [{"name": "Defense Bonuses", "type": "class_feature"}, {"name": "Talent", "type": "talent_choice"}], "force_points": 5}, {"level": 2, "bab": 1, "features": [{"name": "Field-Created Weapon +1", "type": "scaling_feature", "value": 1}], "force_points": 6}, {"level": 3, "bab": 2, "features": [{"name": "Talent", "type": "talent_choice"}], "force_points": 6}, {"level": 4, "bab": 3, "features": [{"name": "Field-Created Weapon +2", "type": "scaling_feature", "value": 2}], "force_points": 7}, {"level": 5, "bab": 3, "features": [{"name": "Talent", "type": "talent_choice"}], "force_points": 7}, {"level": 6, "bab": 4, "features": [{"name": "Field-Created Weapon +3", "type": "scaling_feature", "value": 3}], "force_points": 8}, {"level": 7, "bab": 5, "features": [{"name": "Talent", "type": "talent_choice"}], "force_points": 8}, {"level": 8, "bab": 6, "features": [{"name": "Field-Created Weapon +4", "type": "scaling_feature", "value": 4}], "force_points": 9}, {"level": 9, "bab": 6, "features": [{"name": "Talent", "type": "talent_choice"}], "force_points": 9}, {"level": 10, "bab": 7, "features": [{"name": "Field-Created Weapon +5", "type": "scaling_feature", "value": 5}], "force_points": 10}]}
{"class_name": "Vanguard", "base_class": false, "hit_die": "1d8", "base_hp": 20, "starting_credits": null, "trained_skills": null, "class_skills": [], "talent_trees": ["Awareness", "Survivor", "Vanguard"], "starting_features": [], "level_progression": [{"level": 1, "bab": 1, "features": [{"name": "Defense Bonuses", "type": "class_feature"}, {"name": "Talent", "type": "talent_choice"}], "force_points": 5}, {"level": 2, "bab": 2, "features": [{"name": "Surprise Attack +1", "type": "scaling_feature", "value": 1}], "force_points": 6}, {"level": 3, "bab": 3, "features": [{"name": "Talent", "type": "talent_choice"}], "force_points": 6}, {"level": 4, "bab": 4, "features": [{"name": "Surprise Attack +2", "type": "scaling_feature", "value": 2}], "force_points": 7}, {"level": 5, "bab": 5, "features": [{"name": "Talent", "type": "talent_choice"}], "force_points": 7}, {"level": 6, "bab": 6, "features": [{"name": "Surprise Attack +3", "type": "scaling_feature", "value": 3}], "force_points": 8}, {"level": 7, "bab": 7, "features": [{"name": "Talent", "type": "talent_choice"}], "force_points": 8}, {"level": 8, "bab": 8, "features": [{"name": "Surprise Attack +4", "type": "scaling_feature", "value": 4}], "force_points": 9}, {"level": 9, "bab": 9, "features": [{"name": "Talent", "type": "talent_choice"}], "force_points": 9}, {"level": 10, "bab": 10, "features": [{"name": "Surprise Attack +5", "type": "scaling_feature", "value": 5}], "force_points": 10}]}
{"class_name": "Imperial Knight", "base_class": false, "hit_die": "1d8", "base_hp": 20, "starting_credits": null, "trained_skills": null, "class_skills": [], "talent_trees": ["Armor Specialist", "Duelist", "Lightsaber Combat", "Knight's Armor", "Knight's Resolve"], "starting_features": [], "level_progression": [{"level": 1, "bab": 1, "features": [{"name": "Defense Bonuses", "type": "class_feature"}, {"name": "Talent", "type": "talent_choice"}], "force_points": 5}, {"level": 2, "bab": 2, "features": [{"name": "Force Technique", "type": "force_technique_choice"}], "force_points": 6}, {"level": 3, "bab": 3, "features": [{"name": "Talent", "type": "talent_choice"}], "force_points": 6}, {"level": 4, "bab": 4, "features": [{"name": "Force Technique", "type": "force_technique_choice"}], "force_points": 7}, {"level": 5, "bab": 5, "features": [{"name": "Talent", "type": "talent_choice"}], "force_points": 7}, {"level": 6, "bab": 6, "features": [{"name": "Force Technique", "type": "force_technique_choice"}], "force_points": 8}, {"level": 7, "bab": 7, "features": [{"name": "Talent", "type": "talent_choice"}], "force_points": 8}, {"level": 8, "bab": 8, "features": [{"name": "Force Technique", "type": "force_technique_choice"}], "force_points": 9}, {"level": 9, "bab": 9, "features": [{"name": "Talent", "type": "talent_choice"}], "force_points": 9}, {"level": 10, "bab": 10, "features": [{"name": "Force Technique", "type": "force_technique_choice"}], "force_points": 10}]}
{"class_name": "Shaper", "base_class": false, "hit_die": "1d8", "base_hp": 20, "starting_credits": null, "trained_skills": null, "class_skills": [], "talent_trees": ["Advanced Medicine", "Implant", "Shaper"], "starting_features": [], "level_progression": [{"level": 1, "bab": 0, "features": [{"name": "Defense Bonuses", "type": "class_feature"}, {"name": "Talent", "type": "talent_choice"}], "force_points": 5}, {"level": 2, "bab": 1, "features": [{"name": "Shaper Lore +1", "type": "scaling_feature", "value": 1}], "force_points": 6}, {"level": 3, "bab": 2, "features": [{"name": "Talent", "type": "talent_choice"}], "force_points": 6}, {"level": 4, "bab": 3, "features": [{"name": "Shaper Lore +2", "type": "scaling_feature", "value": 2}], "force_points": 7}, {"level": 5, "bab": 3, "features": [{"name": "Talent", "type": "talent_choice"}], "force_points": 7}, {"level": 6, "bab": 4, "features": [{"name": "Shaper Lore +3", "type": "scaling_feature", "value": 3}, {"name": "Shaper Hand", "type": "class_feature"}], "force_points": 8}, {"level": 7, "bab": 5, "features": [{"name": "Talent", "type": "talent_choice"}], "force_points": 8}, {"level": 8, "bab": 6, "features": [{"name": "Shaper Lore +4", "type": "scaling_feature", "value": 4}], "force_points": 9}, {"level": 9, "bab": 6, "features": [{"name": "Talent", "type": "talent_choice"}], "force_points": 9}, {"level": 10, "bab": 7, "features": [{"name": "Shaper Lore +5", "type": "scaling_feature", "value": 5}], "force_points": 10}]}
{"class_name": "Improviser", "base_class": false, "hit_die": "1d8", "base_hp": 20, "starting_credits": null, "trained_skills": null, "class_skills": [], "talent_trees": ["Outlaw Tech", "Procurement", "Improviser"], "starting_features": [], "level_progression": [{"level": 1, "bab": 0, "features": [{"name": "Defense Bonuses", "type": "class_feature"}, {"name": "No Tools Required", "type": "class_feature"}, {"name": "Talent", "type": "talent_choice"}], "force_points": 5}, {"level": 2, "bab": 1, "features": [{"name": "Contraband (2", "type": "scaling_feature", "value": 2}, {"name": "000 credits)", "type": "scaling_feature", "value": 0}], "force_points": 6}, {"level": 3, "bab": 2, "features": [{"name": "Contraband (3", "type": "scaling_feature", "value": 3}, {"name": "000 credits)", "type": "scaling_feature", "value": 0}, {"name": "Talent", "type": "talent_choice"}], "force_points": 6}, {"level": 4, "bab": 3, "features": [{"name": "Contraband (4", "type": "scaling_feature", "value": 4}, {"name": "000 credits)", "type": "scaling_feature", "value": 0}], "force_points": 7}, {"level": 5, "bab": 3, "features": [{"name": "Contraband (5", "type": "scaling_feature", "value": 5}, {"name": "000 credits)", "type": "scaling_feature", "value": 0}, {"name": "Talent", "type": "talent_choice"}], "force_points": 7}, {"level": 6, "bab": 4, "features": [{"name": "Contraband (6", "type": "scaling_feature", "value": 6}, {"name": "000 credits)", "type": "scaling_feature", "value": 0}], "force_points": 8}, {"level": 7, "bab": 5, "features": [{"name": "Contraband (7", "type": "scaling_feature", "value": 7}, {"name": "000 credits)", "type": "scaling_feature", "value": 0}, {"name": "Talent", "type": "talent_choice"}], "force_points": 8}, {"level": 8, "bab": 6, "features": [{"name": "Contraband (8", "type": "scaling_feature", "value": 8}, {"name": "000 credits)", "type": "scaling_feature", "value": 0}], "force_points": 9}, {"level": 9, "bab": 6, "features": [{"name": "Contraband (9", "type": "scaling_feature", "value": 9}, {"name": "000 credits)", "type": "scaling_feature", "value": 0}, {"name": "Talent", "type": "talent_choice"}], "force_points": 9}, {"level": 10, "bab": 7, "features": [{"name": "Contraband (10", "type": "scaling_feature", "value": 10}, {"name": "000 credits)", "type": "scaling_feature", "value": 0}], "force_points": 10}]}
{"class_name": "Pathfinder", "base_class": false, "hit_die": "1d8", "base_hp": 20, "starting_credits": null, "trained_skills": null, "class_skills": [], "talent_trees": ["Awareness", "Survivor", "Pathfinder"], "starting_features": [], "level_progression": [{"level": 1, "bab": 0, "features": [{"name": "Defense Bonuses", "type": "class_feature"}, {"name": "Talent", "type": "talent_choice"}], "force_points": 5}, {"level": 2, "bab": 1, "features": [{"name": "Create Cover (1 Square)", "type": "scaling_feature", "value": 1}], "force_points": 6}, {"level": 3, "bab": 2, "features": [{"name": "Talent", "type": "talent_choice"}], "force_points": 6}, {"level": 4, "bab": 3, "features": [{"name": "Create Cover (2 Squares)", "type": "scaling_feature", "value": 2}], "force_points": 7}, {"level": 5, "bab": 3, "features": [{"name": "Talent", "type": "talent_choice"}], "force_points": 7}, {"level": 6, "bab": 4, "features": [{"name": "Create Cover (3 Squares)", "type": "scaling_feature", "value": 3}], "force_points": 8}, {"level": 7, "bab": 5, "features": [{"name": "Talent", "type": "talent_choice"}], "force_points": 8}, {"level": 8, "bab": 6, "features": [{"name": "Create Cover (4 Squares)", "type": "scaling_feature", "value": 4}], "force_points": 9}, {"level": 9, "bab": 6, "features": [{"name": "Talent", "type": "talent_choice"}], "force_points": 9}, {"level": 10, "bab": 7, "features": [{"name": "Create Cover (5 Squares)", "type": "scaling_feature", "value": 5}], "force_points": 10}]}
{"class_name": "Martial Arts Master", "base_class": false, "hit_die": "1d8", "base_hp": 20, "starting_credits": null, "trained_skills": null, "class_skills": [], "talent_trees": ["Awareness", "Master of Ter\u00c3\u00a4s K\u00c3\u00a4si"], "starting_features": [], "level_progression": [{"level": 1, "bab": 1, "features": [{"name": "Defense Bonuses", "type": "class_feature"}, {"name": "Talent", "type": "talent_choice"}], "force_points": 5}, {"level": 2, "bab": 2, "features": [{"name": "Tough as Durasteel +2", "type": "scaling_feature", "value": 2}], "force_points": 6}, {"level": 3, "bab": 3, "features": [{"name": "Talent", "type": "talent_choice"}], "force_points": 6}, {"level": 4, "bab": 4, "features": [{"name": "Tough as Durasteel +4", "type": "scaling_feature", "value": 4}], "force_points": 7}, {"level": 5, "bab": 5, "features": [{"name": "Talent", "type": "talent_choice"}], "force_points": 7}, {"level": 6, "bab": 6, "features": [{"name": "Tough as Durasteel +6", "type": "scaling_feature", "value": 6}], "force_points": 8}, {"level": 7, "bab": 7, "features": [{"name": "Talent", "type": "talent_choice"}], "force_points": 8}, {"level": 8, "bab": 8, "features": [{"name": "Tough as Durasteel +8", "type": "scaling_feature", "value": 8}], "force_points": 9}, {"level": 9, "bab": 9, "features": [{"name": "Talent", "type": "talent_choice"}], "force_points": 9}, {"level": 10, "bab": 10, "features": [{"name": "Tough as Durasteel +10", "type": "scaling_feature", "value": 10}], "force_points": 10}]}
