[
  {
    "class": "Jedi",
    "talent_trees": [
      "Jedi Consular",
      "Jedi Guardian",
      "Jedi Sentinel",
      "Lightsaber Combat",
      "Alter",
      "Control",
      "Sense",
      "Dark Side",
      "Light Side"
    ]
  },
  {
    "class": "Noble",
    "talent_trees": [
      "Collaborator",
      "Disgrace",
      "Fencing",
      "Gambling Leader",
      "Influence",
      "Ideologue",
      "Inspiration",
      "Leadership",
      "Lineage",
      "Loyal Protector",
      "Provocateur"
    ]
  },
  {
    "class": "Scoundrel",
    "talent_trees": [
      "Fortune",
      "Misfortune",
      "Opportunist",
      "Outlaw Tech",
      "Recklessness",
      "Run and Gun",
      "Slicer",
      "Smuggling",
      "Spacer",
      "Yuuzhan Vong Biotech"
    ]
  },
  {
    "class": "Scout",
    "talent_trees": [
      "Awareness",
      "Camouflage",
      "Fringer",
      "Hyperspace Explorer",
      "Reconnaissance",
      "Spy",
      "Surveillance",
      "Survivor",
      "Unpredictable",
      "Versatility"
    ]
  },
  {
    "class": "Soldier",
    "talent_trees": [
      "Ambusher",
      "Armor Specialist",
      "Brawler",
      "Brute Squad",
      "Commando",
      "Mercenary",
      "Rocket Jumper",
      "Squad Leader",
      "Trooper",
      "Weapon Specialist"
    ]
  },
  {
    "class": "Ace Pilot",
    "talent_trees": [
      "Blockade Runner",
      "Expert Pilot",
      "Gunner",
      "Squadron Leader",
      "Wingman"
    ]
  },
  {
    "class": "Bounty Hunter",
    "talent_trees": [
      "Assassin",
      "Genohardan",
      "Bounty Hunter",
      "Force Hunter",
      "Gand Findsman",
      "Trickery"
    ]
  },
  {
    "class": "Crime Lord",
    "talent_trees": [
      "Corporate Power",
      "Infamy",
      "Mastermind"
    ]
  },
  {
    "class": "Elite Trooper",
    "talent_trees": [
      "Critical Master",
      "Master of Teras Kasi",
      "Melee Specialist",
      "Protection",
      "Weapon Master"
    ]
  },
  {
    "class": "Force Adept",
    "talent_trees": [
      "Beastwarden",
      "Dark Side Devotee",
      "Force Adept",
      "Force Item",
      "Mystic",
      "Telepath"
    ]
  },
  {
    "class": "Force Disciple",
    "talent_trees": [
      "Guardian Spirit"
    ]
  },
  {
    "class": "Gunslinger",
    "talent_trees": [
      "Carbineer",
      "Gunslinger",
      "Pistoleer"
    ]
  },
  {
    "class": "Jedi Knight",
    "talent_trees": [
      "Duelist",
      "Jedi Archivist",
      "Jedi Artisan",
      "Jedi Battlemaster",
      "Jedi Healer",
      "Jedi Instructor",
      "Jedi Investigator",
      "Jedi Refugee",
      "Jedi Shadow",
      "Jedi Watchman",
      "Jedi Weapon Master",
      "Lightsaber Forms"
    ]
  },
  {
    "class": "Jedi Master",
    "talent_trees": [
      "Duelist",
      "Jedi Archivist",
      "Jedi Artisan",
      "Jedi Battlemaster",
      "Jedi Healer",
      "Jedi Instructor",
      "Jedi Investigator",
      "Jedi Refugee",
      "Jedi Shadow",
      "Jedi Watchman",
      "Jedi Weapon Master",
      "Lightsaber Forms"
    ]
  },
  {
    "class": "Officer",
    "talent_trees": [
      "Fugitive Commander",
      "Military Tactics",
      "Naval Officer",
      "Rebel Recruiter"
    ]
  },
  {
    "class": "Sith Apprentice",
    "talent_trees": [
      "Sith",
      "Sith Alchemy",
      "Sith Commander"
    ]
  },
  {
    "class": "Sith Lord",
    "talent_trees": [
      "Sith",
      "Sith Alchemy",
      "Sith Commander"
    ]
  },
  {
    "class": "Corporate Agent",
    "talent_trees": [
      "Corporate Power"
    ]
  },
  {
    "class": "Gladiator",
    "talent_trees": [
      "Gladiatorial Combat"
    ]
  },
  {
    "class": "Melee Duelist",
    "talent_trees": [
      "Melee Duelist"
    ]
  },
  {
    "class": "Enforcer",
    "talent_trees": [
      "Enforcement"
    ]
  },
  {
    "class": "Independent Droid",
    "talent_trees": [
      "Fortune",
      "Misfortune",
      "Outlaw Tech"
    ]
  },
  {
    "class": "Infiltrator",
    "talent_trees": [
      "Infiltration",
      "Bothan Spynet"
    ]
  },
  {
    "class": "Master Privateer",
    "talent_trees": [
      "Piracy",
      "Privateer"
    ]
  },
  {
    "class": "Medic",
    "talent_trees": [
      "Advanced Medicine"
    ]
  },
  {
    "class": "Saboteur",
    "talent_trees": [
      "Military Engineer",
      "Sabotage",
      "Turret",
      "Implant"
    ]
  },
  {
    "class": "Assassin",
    "talent_trees": [
      "Assassin"
    ]
  },
  {
    "class": "Charlatan",
    "talent_trees": [
      "Fortune",
      "Misfortune"
    ]
  },
  {
    "class": "Outlaw",
    "talent_trees": [
      "Outlaw"
    ]
  },
  {
    "class": "Droid Commander",
    "talent_trees": [
      "Military Engineer"
    ]
  },
  {
    "class": "Military Engineer",
    "talent_trees": [
      "Military Engineer"
    ]
  },
  {
    "class": "Vanguard",
    "talent_trees": [
      "Vanguard"
    ]
  },
  {
    "class": "Imperial Knight",
    "talent_trees": [
      "Duelist",
      "Imperial Inquisitor",
      "Knight's Armor",
      "Knight's Resolve",
      "Lightsaber Forms"
    ]
  },
  {
    "class": "Shaper",
    "talent_trees": [
      "Shaper"
    ]
  },
  {
    "class": "Improviser",
    "talent_trees": [
      "Improviser",
      "Procurement"
    ]
  },
  {
    "class": "Pathfinder",
    "talent_trees": [
      "Pathfinder"
    ]
  },
  {
    "class": "Martial Arts Master",
    "talent_trees": [
      "Master of Teras Kasi"
    ]
  }
]