[
  {
    "level": 1,
    "result": 5,
    "name": "Unnamed Class 1",
    "type": "class"
  },
  {
    "level": 3,
    "result": 6,
    "name": "Unnamed Class 2",
    "type": "class"
  },
  {
    "level": 4,
    "result": 7,
    "name": "Unnamed Class 3",
    "type": "class"
  },
  {
    "level": "1",
    "base_attack_bonus": "+0",
    "class_features": "Defense Bonuses, Starting Feats , Talent",
    "name": "Unnamed Class 4",
    "type": "class"
  },
  {
    "level": "2",
    "base_attack_bonus": "+1",
    "class_features": "Bonus Feat (Noble)",
    "name": "Unnamed Class 5",
    "type": "class"
  },
  {
    "level": "3",
    "base_attack_bonus": "+2",
    "class_features": "Talent",
    "name": "Unnamed Class 6",
    "type": "class"
  },
  {
    "level": "4",
    "base_attack_bonus": "+3",
    "class_features": "Bonus Feat (Noble)",
    "name": "Unnamed Class 7",
    "type": "class"
  },
  {
    "level": "5",
    "base_attack_bonus": "+3",
    "class_features": "Talent",
    "name": "Unnamed Class 8",
    "type": "class"
  },
  {
    "level": "6",
    "base_attack_bonus": "+4",
    "class_features": "Bonus Feat (Noble)",
    "name": "Unnamed Class 9",
    "type": "class"
  },
  {
    "level": "7",
    "base_attack_bonus": "+5",
    "class_features": "Talent",
    "name": "Unnamed Class 10",
    "type": "class"
  },
  {
    "level": "8",
    "base_attack_bonus": "+6",
    "class_features": "Bonus Feat (Noble)",
    "name": "Unnamed Class 11",
    "type": "class"
  },
  {
    "level": "9",
    "base_attack_bonus": "+6",
    "class_features": "Talent",
    "name": "Unnamed Class 12",
    "type": "class"
  },
  {
    "level": "10",
    "base_attack_bonus": "+7",
    "class_features": "Bonus Feat (Noble)",
    "name": "Unnamed Class 13",
    "type": "class"
  },
  {
    "level": "11",
    "base_attack_bonus": "+8",
    "class_features": "Talent",
    "name": "Unnamed Class 14",
    "type": "class"
  },
  {
    "level": "12",
    "base_attack_bonus": "+9",
    "class_features": "Bonus Feat (Noble)",
    "name": "Unnamed Class 15",
    "type": "class"
  },
  {
    "level": "13",
    "base_attack_bonus": "+9",
    "class_features": "Talent",
    "name": "Unnamed Class 16",
    "type": "class"
  },
  {
    "level": "14",
    "base_attack_bonus": "+10",
    "class_features": "Bonus Feat (Noble)",
    "name": "Unnamed Class 17",
    "type": "class"
  },
  {
    "level": "15",
    "base_attack_bonus": "+11",
    "class_features": "Talent",
    "name": "Unnamed Class 18",
    "type": "class"
  },
  {
    "level": "16",
    "base_attack_bonus": "+12",
    "class_features": "Bonus Feat (Noble)",
    "name": "Unnamed Class 19",
    "type": "class"
  },
  {
    "level": "17",
    "base_attack_bonus": "+12",
    "class_features": "Talent",
    "name": "Unnamed Class 20",
    "type": "class"
  },
  {
    "level": "18",
    "base_attack_bonus": "+13",
    "class_features": "Bonus Feat (Noble)",
    "name": "Unnamed Class 21",
    "type": "class"
  },
  {
    "level": "19",
    "base_attack_bonus": "+14",
    "class_features": "Talent",
    "name": "Unnamed Class 22",
    "type": "class"
  },
  {
    "level": "20",
    "base_attack_bonus": "+15",
    "class_features": "Bonus Feat (Noble)",
    "name": "Unnamed Class 23",
    "type": "class"
  },
  {
    "level": 1,
    "result": 5,
    "name": "Unnamed Class 24",
    "type": "class"
  },
  {
    "level": 3,
    "result": 6,
    "name": "Unnamed Class 25",
    "type": "class"
  },
  {
    "level": 4,
    "result": 7,
    "name": "Unnamed Class 26",
    "type": "class"
  },
  {
    "level": "1",
    "base_attack_bonus": "+0",
    "class_features": "Defense Bonuses, Starting Feats , Talent",
    "name": "Unnamed Class 27",
    "type": "class"
  },
  {
    "level": "2",
    "base_attack_bonus": "+1",
    "class_features": "Bonus Feat (Scoundrel)",
    "name": "Unnamed Class 28",
    "type": "class"
  },
  {
    "level": "3",
    "base_attack_bonus": "+2",
    "class_features": "Talent",
    "name": "Unnamed Class 29",
    "type": "class"
  },
  {
    "level": "4",
    "base_attack_bonus": "+3",
    "class_features": "Bonus Feat (Scoundrel)",
    "name": "Unnamed Class 30",
    "type": "class"
  },
  {
    "level": "5",
    "base_attack_bonus": "+3",
    "class_features": "Talent",
    "name": "Unnamed Class 31",
    "type": "class"
  },
  {
    "level": "6",
    "base_attack_bonus": "+4",
    "class_features": "Bonus Feat (Scoundrel)",
    "name": "Unnamed Class 32",
    "type": "class"
  },
  {
    "level": "7",
    "base_attack_bonus": "+5",
    "class_features": "Talent",
    "name": "Unnamed Class 33",
    "type": "class"
  },
  {
    "level": "8",
    "base_attack_bonus": "+6",
    "class_features": "Bonus Feat (Scoundrel)",
    "name": "Unnamed Class 34",
    "type": "class"
  },
  {
    "level": "9",
    "base_attack_bonus": "+6",
    "class_features": "Talent",
    "name": "Unnamed Class 35",
    "type": "class"
  },
  {
    "level": "10",
    "base_attack_bonus": "+7",
    "class_features": "Bonus Feat (Scoundrel)",
    "name": "Unnamed Class 36",
    "type": "class"
  },
  {
    "level": "11",
    "base_attack_bonus": "+8",
    "class_features": "Talent",
    "name": "Unnamed Class 37",
    "type": "class"
  },
  {
    "level": "12",
    "base_attack_bonus": "+9",
    "class_features": "Bonus Feat (Scoundrel)",
    "name": "Unnamed Class 38",
    "type": "class"
  },
  {
    "level": "13",
    "base_attack_bonus": "+9",
    "class_features": "Talent",
    "name": "Unnamed Class 39",
    "type": "class"
  },
  {
    "level": "14",
    "base_attack_bonus": "+10",
    "class_features": "Bonus Feat (Scoundrel)",
    "name": "Unnamed Class 40",
    "type": "class"
  },
  {
    "level": "15",
    "base_attack_bonus": "+11",
    "class_features": "Talent",
    "name": "Unnamed Class 41",
    "type": "class"
  },
  {
    "level": "16",
    "base_attack_bonus": "+12",
    "class_features": "Bonus Feat (Scoundrel)",
    "name": "Unnamed Class 42",
    "type": "class"
  },
  {
    "level": "17",
    "base_attack_bonus": "+12",
    "class_features": "Talent",
    "name": "Unnamed Class 43",
    "type": "class"
  },
  {
    "level": "18",
    "base_attack_bonus": "+13",
    "class_features": "Bonus Feat (Scoundrel)",
    "name": "Unnamed Class 44",
    "type": "class"
  },
  {
    "level": "19",
    "base_attack_bonus": "+14",
    "class_features": "Talent",
    "name": "Unnamed Class 45",
    "type": "class"
  },
  {
    "level": "20",
    "base_attack_bonus": "+15",
    "class_features": "Bonus Feat (Scoundrel)",
    "name": "Unnamed Class 46",
    "type": "class"
  },
  {
    "level": 1,
    "result": 5,
    "name": "Unnamed Class 47",
    "type": "class"
  },
  {
    "level": 3,
    "result": 6,
    "name": "Unnamed Class 48",
    "type": "class"
  },
  {
    "level": 4,
    "result": 7,
    "name": "Unnamed Class 49",
    "type": "class"
  },
  {
    "level": "1",
    "base_attack_bonus": "+0",
    "class_features": "Defense Bonuses, Starting Feats , Talent",
    "name": "Unnamed Class 50",
    "type": "class"
  },
  {
    "level": "2",
    "base_attack_bonus": "+1",
    "class_features": "Bonus Feat (Scout)",
    "name": "Unnamed Class 51",
    "type": "class"
  },
  {
    "level": "3",
    "base_attack_bonus": "+2",
    "class_features": "Talent",
    "name": "Unnamed Class 52",
    "type": "class"
  },
  {
    "level": "4",
    "base_attack_bonus": "+3",
    "class_features": "Bonus Feat (Scout)",
    "name": "Unnamed Class 53",
    "type": "class"
  },
  {
    "level": "5",
    "base_attack_bonus": "+3",
    "class_features": "Talent",
    "name": "Unnamed Class 54",
    "type": "class"
  },
  {
    "level": "6",
    "base_attack_bonus": "+4",
    "class_features": "Bonus Feat (Scout)",
    "name": "Unnamed Class 55",
    "type": "class"
  },
  {
    "level": "7",
    "base_attack_bonus": "+5",
    "class_features": "Talent",
    "name": "Unnamed Class 56",
    "type": "class"
  },
  {
    "level": "8",
    "base_attack_bonus": "+6",
    "class_features": "Bonus Feat (Scout)",
    "name": "Unnamed Class 57",
    "type": "class"
  },
  {
    "level": "9",
    "base_attack_bonus": "+6",
    "class_features": "Talent",
    "name": "Unnamed Class 58",
    "type": "class"
  },
  {
    "level": "10",
    "base_attack_bonus": "+7",
    "class_features": "Bonus Feat (Scout)",
    "name": "Unnamed Class 59",
    "type": "class"
  },
  {
    "level": "11",
    "base_attack_bonus": "+8",
    "class_features": "Talent",
    "name": "Unnamed Class 60",
    "type": "class"
  },
  {
    "level": "12",
    "base_attack_bonus": "+9",
    "class_features": "Bonus Feat (Scout)",
    "name": "Unnamed Class 61",
    "type": "class"
  },
  {
    "level": "13",
    "base_attack_bonus": "+9",
    "class_features": "Talent",
    "name": "Unnamed Class 62",
    "type": "class"
  },
  {
    "level": "14",
    "base_attack_bonus": "+10",
    "class_features": "Bonus Feat (Scout)",
    "name": "Unnamed Class 63",
    "type": "class"
  },
  {
    "level": "15",
    "base_attack_bonus": "+11",
    "class_features": "Talent",
    "name": "Unnamed Class 64",
    "type": "class"
  },
  {
    "level": "16",
    "base_attack_bonus": "+12",
    "class_features": "Bonus Feat (Scout)",
    "name": "Unnamed Class 65",
    "type": "class"
  },
  {
    "level": "17",
    "base_attack_bonus": "+12",
    "class_features": "Talent",
    "name": "Unnamed Class 66",
    "type": "class"
  },
  {
    "level": "18",
    "base_attack_bonus": "+13",
    "class_features": "Bonus Feat (Scout)",
    "name": "Unnamed Class 67",
    "type": "class"
  },
  {
    "level": "19",
    "base_attack_bonus": "+14",
    "class_features": "Talent",
    "name": "Unnamed Class 68",
    "type": "class"
  },
  {
    "level": "20",
    "base_attack_bonus": "+15",
    "class_features": "Bonus Feat (Scout)",
    "name": "Unnamed Class 69",
    "type": "class"
  },
  {
    "level": 1,
    "result": 5,
    "name": "Unnamed Class 70",
    "type": "class"
  },
  {
    "level": 3,
    "result": 6,
    "name": "Unnamed Class 71",
    "type": "class"
  },
  {
    "level": 4,
    "result": 7,
    "name": "Unnamed Class 72",
    "type": "class"
  },
  {
    "level": "1st",
    "base_attack_bonus": "+1",
    "class_features": "Defense Bonuses, Starting Feats , Talent",
    "name": "Unnamed Class 73",
    "type": "class"
  },
  {
    "level": "2nd",
    "base_attack_bonus": "+2",
    "class_features": "Bonus Feat (Soldier)",
    "name": "Unnamed Class 74",
    "type": "class"
  },
  {
    "level": "3rd",
    "base_attack_bonus": "+3",
    "class_features": "Talent",
    "name": "Unnamed Class 75",
    "type": "class"
  },
  {
    "level": "4th",
    "base_attack_bonus": "+4",
    "class_features": "Bonus Feat (Soldier)",
    "name": "Unnamed Class 76",
    "type": "class"
  },
  {
    "level": "5th",
    "base_attack_bonus": "+5",
    "class_features": "Talent",
    "name": "Unnamed Class 77",
    "type": "class"
  },
  {
    "level": "6th",
    "base_attack_bonus": "+6",
    "class_features": "Bonus Feat (Soldier)",
    "name": "Unnamed Class 78",
    "type": "class"
  },
  {
    "level": "7th",
    "base_attack_bonus": "+7",
    "class_features": "Talent",
    "name": "Unnamed Class 79",
    "type": "class"
  },
  {
    "level": "8th",
    "base_attack_bonus": "+8",
    "class_features": "Bonus Feat (Soldier)",
    "name": "Unnamed Class 80",
    "type": "class"
  },
  {
    "level": "9th",
    "base_attack_bonus": "+9",
    "class_features": "Talent",
    "name": "Unnamed Class 81",
    "type": "class"
  },
  {
    "level": "10th",
    "base_attack_bonus": "+10",
    "class_features": "Bonus Feat (Soldier)",
    "name": "Unnamed Class 82",
    "type": "class"
  },
  {
    "level": "11th",
    "base_attack_bonus": "+11",
    "class_features": "Talent",
    "name": "Unnamed Class 83",
    "type": "class"
  },
  {
    "level": "12th",
    "base_attack_bonus": "+12",
    "class_features": "Bonus Feat (Soldier)",
    "name": "Unnamed Class 84",
    "type": "class"
  },
  {
    "level": "13th",
    "base_attack_bonus": "+13",
    "class_features": "Talent",
    "name": "Unnamed Class 85",
    "type": "class"
  },
  {
    "level": "14th",
    "base_attack_bonus": "+14",
    "class_features": "Bonus Feat (Soldier)",
    "name": "Unnamed Class 86",
    "type": "class"
  },
  {
    "level": "15th",
    "base_attack_bonus": "+15",
    "class_features": "Talent",
    "name": "Unnamed Class 87",
    "type": "class"
  },
  {
    "level": "16th",
    "base_attack_bonus": "+16",
    "class_features": "Bonus Feat (Soldier)",
    "name": "Unnamed Class 88",
    "type": "class"
  },
  {
    "level": "17th",
    "base_attack_bonus": "+17",
    "class_features": "Talent",
    "name": "Unnamed Class 89",
    "type": "class"
  },
  {
    "level": "18th",
    "base_attack_bonus": "+18",
    "class_features": "Bonus Feat (Soldier)",
    "name": "Unnamed Class 90",
    "type": "class"
  },
  {
    "level": "19th",
    "base_attack_bonus": "+19",
    "class_features": "Talent",
    "name": "Unnamed Class 91",
    "type": "class"
  },
  {
    "level": "20th",
    "base_attack_bonus": "+20",
    "class_features": "Bonus Feat (Soldier)",
    "name": "Unnamed Class 92",
    "type": "class"
  },
  {
    "level": 1,
    "result": 5,
    "name": "Unnamed Class 93",
    "type": "class"
  },
  {
    "level": 3,
    "result": 6,
    "name": "Unnamed Class 94",
    "type": "class"
  },
  {
    "level": 4,
    "result": 7,
    "name": "Unnamed Class 95",
    "type": "class"
  },
  {
    "level": 1,
    "result": 5,
    "name": "Unnamed Class 96",
    "type": "class"
  },
  {
    "level": 3,
    "result": 6,
    "name": "Unnamed Class 97",
    "type": "class"
  },
  {
    "level": 4,
    "result": 7,
    "name": "Unnamed Class 98",
    "type": "class"
  },
  {
    "level": 1,
    "result": 5,
    "name": "Unnamed Class 99",
    "type": "class"
  },
  {
    "level": 3,
    "result": 6,
    "name": "Unnamed Class 100",
    "type": "class"
  },
  {
    "level": 4,
    "result": 7,
    "name": "Unnamed Class 101",
    "type": "class"
  },
  {
    "level": 1,
    "result": 5,
    "name": "Unnamed Class 102",
    "type": "class"
  },
  {
    "level": 3,
    "result": 6,
    "name": "Unnamed Class 103",
    "type": "class"
  },
  {
    "level": 4,
    "result": 7,
    "name": "Unnamed Class 104",
    "type": "class"
  },
  {
    "level": 1,
    "result": 5,
    "name": "Unnamed Class 105",
    "type": "class"
  },
  {
    "level": 3,
    "result": 6,
    "name": "Unnamed Class 106",
    "type": "class"
  },
  {
    "level": 4,
    "result": 7,
    "name": "Unnamed Class 107",
    "type": "class"
  },
  {
    "level": 1,
    "result": 5,
    "name": "Unnamed Class 108",
    "type": "class"
  },
  {
    "level": 3,
    "result": 6,
    "name": "Unnamed Class 109",
    "type": "class"
  },
  {
    "level": 4,
    "result": 7,
    "name": "Unnamed Class 110",
    "type": "class"
  },
  {
    "level": 1,
    "result": 5,
    "name": "Unnamed Class 111",
    "type": "class"
  },
  {
    "level": 3,
    "result": 6,
    "name": "Unnamed Class 112",
    "type": "class"
  },
  {
    "level": 4,
    "result": 7,
    "name": "Unnamed Class 113",
    "type": "class"
  },
  {
    "level": 1,
    "result": 5,
    "name": "Unnamed Class 114",
    "type": "class"
  },
  {
    "level": 3,
    "result": 6,
    "name": "Unnamed Class 115",
    "type": "class"
  },
  {
    "level": 4,
    "result": 7,
    "name": "Unnamed Class 116",
    "type": "class"
  },
  {
    "level": 1,
    "result": 5,
    "name": "Unnamed Class 117",
    "type": "class"
  },
  {
    "level": 3,
    "result": 6,
    "name": "Unnamed Class 118",
    "type": "class"
  },
  {
    "level": 4,
    "result": 7,
    "name": "Unnamed Class 119",
    "type": "class"
  },
  {
    "level": 1,
    "result": 5,
    "name": "Unnamed Class 120",
    "type": "class"
  },
  {
    "level": 3,
    "result": 6,
    "name": "Unnamed Class 121",
    "type": "class"
  },
  {
    "level": 4,
    "result": 7,
    "name": "Unnamed Class 122",
    "type": "class"
  },
  {
    "level": 1,
    "result": 5,
    "name": "Unnamed Class 123",
    "type": "class"
  },
  {
    "level": 3,
    "result": 6,
    "name": "Unnamed Class 124",
    "type": "class"
  },
  {
    "level": 4,
    "result": 7,
    "name": "Unnamed Class 125",
    "type": "class"
  },
  {
    "level": 1,
    "result": 5,
    "name": "Unnamed Class 126",
    "type": "class"
  },
  {
    "level": 3,
    "result": 6,
    "name": "Unnamed Class 127",
    "type": "class"
  },
  {
    "level": 4,
    "result": 7,
    "name": "Unnamed Class 128",
    "type": "class"
  },
  {
    "level": 1,
    "result": 5,
    "name": "Unnamed Class 129",
    "type": "class"
  },
  {
    "level": 3,
    "result": 6,
    "name": "Unnamed Class 130",
    "type": "class"
  },
  {
    "level": 4,
    "result": 7,
    "name": "Unnamed Class 131",
    "type": "class"
  },
  {
    "level": 1,
    "result": 5,
    "name": "Unnamed Class 132",
    "type": "class"
  },
  {
    "level": 3,
    "result": 6,
    "name": "Unnamed Class 133",
    "type": "class"
  },
  {
    "level": 4,
    "result": 7,
    "name": "Unnamed Class 134",
    "type": "class"
  },
  {
    "level": 1,
    "result": 5,
    "name": "Unnamed Class 135",
    "type": "class"
  },
  {
    "level": 3,
    "result": 6,
    "name": "Unnamed Class 136",
    "type": "class"
  },
  {
    "level": 4,
    "result": 7,
    "name": "Unnamed Class 137",
    "type": "class"
  },
  {
    "level": 1,
    "result": 5,
    "name": "Unnamed Class 138",
    "type": "class"
  },
  {
    "level": 3,
    "result": 6,
    "name": "Unnamed Class 139",
    "type": "class"
  },
  {
    "level": 4,
    "result": 7,
    "name": "Unnamed Class 140",
    "type": "class"
  },
  {
    "level": 1,
    "result": 5,
    "name": "Unnamed Class 141",
    "type": "class"
  },
  {
    "level": 3,
    "result": 6,
    "name": "Unnamed Class 142",
    "type": "class"
  },
  {
    "level": 4,
    "result": 7,
    "name": "Unnamed Class 143",
    "type": "class"
  },
  {
    "level": 1,
    "result": 5,
    "name": "Unnamed Class 144",
    "type": "class"
  },
  {
    "level": 3,
    "result": 6,
    "name": "Unnamed Class 145",
    "type": "class"
  },
  {
    "level": 4,
    "result": 7,
    "name": "Unnamed Class 146",
    "type": "class"
  },
  {
    "level": 1,
    "result": 5,
    "name": "Unnamed Class 147",
    "type": "class"
  },
  {
    "level": 3,
    "result": 6,
    "name": "Unnamed Class 148",
    "type": "class"
  },
  {
    "level": 4,
    "result": 7,
    "name": "Unnamed Class 149",
    "type": "class"
  },
  {
    "level": 1,
    "result": 5,
    "name": "Unnamed Class 150",
    "type": "class"
  },
  {
    "level": 3,
    "result": 6,
    "name": "Unnamed Class 151",
    "type": "class"
  },
  {
    "level": 4,
    "result": 7,
    "name": "Unnamed Class 152",
    "type": "class"
  },
  {
    "level": 1,
    "result": 5,
    "name": "Unnamed Class 153",
    "type": "class"
  },
  {
    "level": 3,
    "result": 6,
    "name": "Unnamed Class 154",
    "type": "class"
  },
  {
    "level": 4,
    "result": 7,
    "name": "Unnamed Class 155",
    "type": "class"
  },
  {
    "level": 1,
    "result": 5,
    "name": "Unnamed Class 156",
    "type": "class"
  },
  {
    "level": 3,
    "result": 6,
    "name": "Unnamed Class 157",
    "type": "class"
  },
  {
    "level": 4,
    "result": 7,
    "name": "Unnamed Class 158",
    "type": "class"
  },
  {
    "level": 1,
    "result": 5,
    "name": "Unnamed Class 159",
    "type": "class"
  },
  {
    "level": 3,
    "result": 6,
    "name": "Unnamed Class 160",
    "type": "class"
  },
  {
    "level": 4,
    "result": 7,
    "name": "Unnamed Class 161",
    "type": "class"
  },
  {
    "level": 1,
    "result": 5,
    "name": "Unnamed Class 162",
    "type": "class"
  },
  {
    "level": 3,
    "result": 6,
    "name": "Unnamed Class 163",
    "type": "class"
  },
  {
    "level": 4,
    "result": 7,
    "name": "Unnamed Class 164",
    "type": "class"
  },
  {
    "level": 1,
    "result": 5,
    "name": "Unnamed Class 165",
    "type": "class"
  },
  {
    "level": 3,
    "result": 6,
    "name": "Unnamed Class 166",
    "type": "class"
  },
  {
    "level": 4,
    "result": 7,
    "name": "Unnamed Class 167",
    "type": "class"
  },
  {
    "level": 1,
    "result": 5,
    "name": "Unnamed Class 168",
    "type": "class"
  },
  {
    "level": 3,
    "result": 6,
    "name": "Unnamed Class 169",
    "type": "class"
  },
  {
    "level": 4,
    "result": 7,
    "name": "Unnamed Class 170",
    "type": "class"
  },
  {
    "level": 1,
    "result": 5,
    "name": "Unnamed Class 171",
    "type": "class"
  },
  {
    "level": 3,
    "result": 6,
    "name": "Unnamed Class 172",
    "type": "class"
  },
  {
    "level": 4,
    "result": 7,
    "name": "Unnamed Class 173",
    "type": "class"
  },
  {
    "level": 1,
    "result": 5,
    "name": "Unnamed Class 174",
    "type": "class"
  },
  {
    "level": 3,
    "result": 6,
    "name": "Unnamed Class 175",
    "type": "class"
  },
  {
    "level": 4,
    "result": 7,
    "name": "Unnamed Class 176",
    "type": "class"
  },
  {
    "level": 1,
    "result": 5,
    "name": "Unnamed Class 177",
    "type": "class"
  },
  {
    "level": 3,
    "result": 6,
    "name": "Unnamed Class 178",
    "type": "class"
  },
  {
    "level": 4,
    "result": 7,
    "name": "Unnamed Class 179",
    "type": "class"
  },
  {
    "level": 1,
    "result": 5,
    "name": "Unnamed Class 180",
    "type": "class"
  },
  {
    "level": 3,
    "result": 6,
    "name": "Unnamed Class 181",
    "type": "class"
  },
  {
    "level": 4,
    "result": 7,
    "name": "Unnamed Class 182",
    "type": "class"
  },
  {
    "level": 1,
    "result": 5,
    "name": "Unnamed Class 183",
    "type": "class"
  },
  {
    "level": 3,
    "result": 6,
    "name": "Unnamed Class 184",
    "type": "class"
  },
  {
    "level": 4,
    "result": 7,
    "name": "Unnamed Class 185",
    "type": "class"
  },
  {
    "level": 1,
    "result": 5,
    "name": "Unnamed Class 186",
    "type": "class"
  },
  {
    "level": 3,
    "result": 6,
    "name": "Unnamed Class 187",
    "type": "class"
  },
  {
    "level": 4,
    "result": 7,
    "name": "Unnamed Class 188",
    "type": "class"
  },
  {
    "level": 1,
    "result": 5,
    "name": "Unnamed Class 189",
    "type": "class"
  },
  {
    "level": 3,
    "result": 6,
    "name": "Unnamed Class 190",
    "type": "class"
  },
  {
    "level": 4,
    "result": 7,
    "name": "Unnamed Class 191",
    "type": "class"
  }
]