[
  {
    "name": "Activate an item",
    "action": {
      "type": "swift",
      "cost": 1
    },
    "notes": "Start vehicle, turn on device, ignite lightsaber.",
    "relatedSkills": [
      {
        "skill": "Use Computer",
        "when": "device needs login or friendly computer"
      },
      {
        "skill": "Mechanics",
        "when": "device is jury-rigged or broken"
      }
    ],
    "type": "combatAction"
  },
  {
    "name": "Aid another",
    "action": {
      "type": "standard",
      "cost": 1
    },
    "notes": "Aid a skill or attack. Skill aid: DC 10 same skill to grant +2 to ally. Aid attack: attack vs Ref 10 to grant +2 to ally vs that target.",
    "relatedSkills": [
      {
        "skill": "Any relevant skill",
        "dc": {
          "type": "flat",
          "value": 10
        },
        "outcome": "+2 bonus to ally on that check"
      },
      {
        "skill": "Attack",
        "dc": {
          "type": "expression",
          "value": "Attack vs Reflex 10"
        },
        "outcome": "+2 to ally's next attack vs that target"
      }
    ],
    "type": "combatAction"
  },
  {
    "name": "Aim",
    "action": {
      "type": "swift",
      "cost": 2
    },
    "notes": "Ignore target's cover bonus to Reflex on next attack; lose aim if you lose LOS or take other action before attacking; provokes AoO.",
    "relatedSkills": [
      {
        "skill": "Attack (ranged)",
        "when": "applies to next ranged attack to ignore cover"
      }
    ],
    "type": "combatAction"
  },
  {
    "name": "Attack (single)",
    "action": {
      "type": "standard",
      "cost": 1
    },
    "notes": "Normal attack; rate and damage depend on weapon. Melee 2‑handed uses STR×2 to damage; improvised = -5 attack.",
    "relatedSkills": [
      {
        "skill": "Attack Roll",
        "dc": {
          "type": "expression",
          "value": "d20 + BAB + modifiers"
        },
        "outcome": "Compare to target Reflex/Fort/Will as appropriate"
      }
    ],
    "type": "combatAction"
  },
  {
    "name": "Area Attack (burst/splash/cone)",
    "action": {
      "type": "standard",
      "cost": 1
    },
    "notes": "Compare attack roll (if >=10) to each target's Ref; hits full, misses half; natural 20 hits all; cannot aim for area attacks.",
    "relatedSkills": [
      {
        "skill": "Attack Roll",
        "dc": {
          "type": "expression",
          "value": "d20 + modifiers"
        },
        "outcome": "Resolve against each target's Ref; apply cover rules"
      }
    ],
    "type": "combatAction"
  },
  {
    "name": "Burst Fire / Autofire (vehicle or weapon)",
    "action": {
      "type": "standard",
      "cost": 1
    },
    "notes": "Autofire targets area 2×2 squares, -5 attack; consumes ammo; braced autofire reduces penalty; burst fire -5 attack +2 dice damage.",
    "relatedSkills": [
      {
        "skill": "Attack Roll",
        "dc": {
          "type": "expression",
          "value": "d20 + modifiers"
        },
        "outcome": "Area rules; ammo consumption handled by system"
      }
    ],
    "type": "combatAction"
  },
  {
    "name": "Charge",
    "action": {
      "type": "standard (move your speed, min 2 sq)",
      "cost": null
    },
    "notes": "Move in straight line; +2 competence to attack; take -2 Reflex until next turn; cannot take other actions after attack.",
    "relatedSkills": [
      {
        "skill": "Attack Roll (melee)",
        "outcome": "Apply +2 competence, -2 target Reflex"
      },
      {
        "skill": "Acrobatics",
        "dc": {
          "type": "flat",
          "value": 25
        },
        "when": "Nimble Charge: to charge through low objects/difficult terrain"
      }
    ],
    "type": "combatAction"
  },
  {
    "name": "Coup de grace",
    "action": {
      "type": "full-round",
      "cost": 1
    },
    "notes": "Against helpless adjacent opponent; auto-critical; target reduced to 0 HP dies (or destroyed for objects).",
    "relatedSkills": [
      {
        "skill": "Attack Roll",
        "outcome": "Auto-crit; immediate lethal effect"
      }
    ],
    "type": "combatAction"
  },
  {
    "name": "Draw or Holster Weapon",
    "action": {
      "type": "move",
      "cost": 1
    },
    "notes": "Draw as move (or draw & activate if weapon requires activation and you are proficient). Drawing concealed weapons = standard.",
    "relatedSkills": [
      {
        "skill": "Sleight of Hand / Stealth",
        "when": "drawing concealed item in secret; GM may allow opposed Perception"
      }
    ],
    "type": "combatAction"
  },
  {
    "name": "Drop an item",
    "action": {
      "type": "swift",
      "cost": 1
    },
    "notes": "Drop item into your space or adjacent square; free/simple.",
    "relatedSkills": [],
    "type": "combatAction"
  },
  {
    "name": "Draw concealed item (conceal/seek)",
    "action": {
      "type": "standard",
      "cost": 1
    },
    "notes": "If concealed on self, drawing is standard and may be opposed by Perception.",
    "relatedSkills": [
      {
        "skill": "Stealth / Sleight of Hand",
        "when": "concealing or palming items"
      },
      {
        "skill": "Perception",
        "dc": {
          "type": "opposed",
          "target": null
        },
        "outcome": "Detect drawing or concealed item"
      }
    ],
    "type": "combatAction"
  },
  {
    "name": "Feint",
    "action": {
      "type": "standard",
      "cost": 1
    },
    "notes": "Deception vs target's Initiative to make target flat-footed vs your next attack. -5 vs non-humanoids/low INT.",
    "relatedSkills": [
      {
        "skill": "Deception",
        "dc": {
          "type": "opposed",
          "target": null
        },
        "outcome": "Target loses Dex bonus to Ref vs your next attack"
      }
    ],
    "type": "combatAction"
  },
  {
    "name": "Fight defensively",
    "action": {
      "type": "standard (or full-round variant)",
      "cost": null
    },
    "notes": "Standard: -5 attacks, +2 dodge to Ref (or +5 if trained in Acrobatics). Full-round no attacks: +5 dodge (+10 if trained).",
    "relatedSkills": [
      {
        "skill": "Acrobatics",
        "when": "trained offers better dodge bonus"
      }
    ],
    "type": "combatAction"
  },
  {
    "name": "Full attack",
    "action": {
      "type": "full-round",
      "cost": 1
    },
    "notes": "Make multiple attacks; penalties apply to all attacks until next turn; two-weapon penalties apply.",
    "relatedSkills": [
      {
        "skill": "Attack Roll",
        "dc": {
          "type": "expression",
          "value": "Multiple attacks"
        },
        "outcome": "Resolve sequence with multiple attack penalties"
      }
    ],
    "type": "combatAction"
  },
  {
    "name": "Grapple / Grab",
    "action": {
      "type": "standard",
      "cost": 1
    },
    "notes": "Unarmed attack to grab (-5). If hit, make opposed grapple checks (Grapple uses STR or DEX + BAB + size). Grappled target is denied movement and has -2 attack unless using light weapon.",
    "relatedSkills": [
      {
        "skill": "Grapple (opposed)",
        "dc": {
          "type": "expression",
          "value": "1d20 + BAB + STR/DEX + size"
        },
        "outcome": "Grabbed/grappled; escape via Acrobatics vs Grappler's check"
      },
      {
        "skill": "Acrobatics",
        "dc": {
          "type": "opposed",
          "target": null
        },
        "when": "escape from grapple; DC = grappler's check"
      }
    ],
    "type": "combatAction"
  },
  {
    "name": "Disarm",
    "action": {
      "type": "standard",
      "cost": 1
    },
    "notes": "Melee attack at -10 (-15 if weapon held in more than 1 hand). Failure may provoke free attack against you.",
    "relatedSkills": [
      {
        "skill": "Attack Roll (melee)",
        "dc": {
          "type": "expression",
          "value": "d20 + BAB -10"
        },
        "outcome": "If succeed, weapon drops; Acrobatics DC20 to catch item (trained)"
      },
      {
        "skill": "Acrobatics",
        "dc": {
          "type": "flat",
          "value": 20
        },
        "when": "catch disarmed item"
      }
    ],
    "type": "combatAction"
  },
  {
    "name": "Escape bonds / Escape net",
    "action": {
      "type": "standard / full-round",
      "cost": null
    },
    "notes": "Escape nets: Acrobatics DC15 as full-round; nets often require higher DC to escape as standard.",
    "relatedSkills": [
      {
        "skill": "Acrobatics",
        "dc": {
          "type": "flat",
          "value": 15
        },
        "outcome": "Escape nets; success frees you"
      }
    ],
    "type": "combatAction"
  },
  {
    "name": "Manipulate an item",
    "action": {
      "type": "move",
      "cost": 1
    },
    "notes": "Pick up item (provokes AoO), load weapon (provokes AoO), open door, retrieve templates/apps/stored item (2 move actions, provokes AoO).",
    "relatedSkills": [],
    "type": "combatAction"
  },
  {
    "name": "Move your speed / Move action",
    "action": {
      "type": "move",
      "cost": 1
    },
    "notes": "Move up to speed; diagonal counts as 2 squares; options include Balance (half speed), Climb (1/4 speed), Tumble (part of move with Acrobatics).",
    "relatedSkills": [
      {
        "skill": "Acrobatics",
        "dc": {
          "type": "flat",
          "value": 15
        },
        "when": "Tumble to avoid AoO (trained)"
      },
      {
        "skill": "Climb",
        "dc": {
          "type": "expression",
          "value": "Climb check"
        },
        "when": "Climb surfaces; see Climb DC table"
      }
    ],
    "type": "combatAction"
  },
  {
    "name": "Tumble",
    "action": {
      "type": "part of move",
      "cost": null
    },
    "notes": "Acrobatics DC15 to move through threatened squares without provoking AoO; each threatened square counts as 2 squares of movement.",
    "relatedSkills": [
      {
        "skill": "Acrobatics",
        "dc": {
          "type": "flat",
          "value": 15
        },
        "outcome": "Avoid AoO when moving through threatened spaces"
      }
    ],
    "type": "combatAction"
  },
  {
    "name": "Run",
    "action": {
      "type": "full-round",
      "cost": 1
    },
    "notes": "Move 4× speed (3× if heavy armor), lose Dex bonus to Ref; can run for CON rounds, then Endurance checks.",
    "relatedSkills": [
      {
        "skill": "Endurance",
        "dc": {
          "type": "flat",
          "value": 10
        },
        "outcome": "If fail, -1 persistent CT"
      }
    ],
    "type": "combatAction"
  },
  {
    "name": "Reload",
    "action": {
      "type": "move",
      "cost": 1
    },
    "notes": "Reload is normally a move action and provokes AoO unless specified otherwise.",
    "relatedSkills": [],
    "type": "combatAction"
  },
  {
    "name": "Second Wind",
    "action": {
      "type": "swift",
      "cost": 1
    },
    "notes": "Once per encounter/day: if at or below half hp, heal 1/4 max HP or CON (whichever higher).",
    "relatedSkills": [],
    "type": "combatAction"
  },
  {
    "name": "Snipe",
    "action": {
      "type": "standard + move",
      "cost": null
    },
    "notes": "From hiding: make ranged attack then hide again (Stealth check at -10 as move). Must be at least 2 squares away.",
    "relatedSkills": [
      {
        "skill": "Stealth",
        "dc": {
          "type": "expression",
          "value": "Stealth move-action -10"
        },
        "outcome": "If success remain hidden; if fail, revealed"
      },
      {
        "skill": "Perception",
        "when": "Opponents attempt to notice"
      }
    ],
    "type": "combatAction"
  },
  {
    "name": "Stand up from prone",
    "action": {
      "type": "move",
      "cost": 1
    },
    "notes": "Stand normally as move; trained in Acrobatics can DC15 to stand as swift.",
    "relatedSkills": [
      {
        "skill": "Acrobatics",
        "dc": {
          "type": "flat",
          "value": 15
        },
        "when": "Stand from prone as swift if trained"
      }
    ],
    "type": "combatAction"
  },
  {
    "name": "Fall prone",
    "action": {
      "type": "swift",
      "cost": 1
    },
    "notes": "If trained in Acrobatics DC15 you can fall prone as a free action; otherwise swift. Prone penalties apply.",
    "relatedSkills": [
      {
        "skill": "Acrobatics",
        "dc": {
          "type": "flat",
          "value": 15
        },
        "when": "Fall prone as free action if trained"
      }
    ],
    "type": "combatAction"
  },
  {
    "name": "Ready an action (prepare)",
    "action": {
      "type": "standard",
      "cost": 1
    },
    "notes": "Specify a trigger and action (move/standard/swift). When trigger occurs you may take the readied action as a reaction; initiative changes to the time you used it.",
    "relatedSkills": [],
    "type": "combatAction"
  },
  {
    "name": "Ready or Recovery actions for vehicles",
    "action": {
      "type": "varies (swift, 3 swifts)",
      "cost": null
    },
    "notes": "Vehicle actions include Raise/lower shields (swift), Recharge shields (3 swift w/ Mechanics DC20), regulate power (3 swifts Mechanics DC20).",
    "relatedSkills": [
      {
        "skill": "Mechanics",
        "dc": {
          "type": "flat",
          "value": 20
        },
        "outcome": "Retemplates/apps/store SR or move vehicle CT"
      }
    ],
    "type": "combatAction"
  },
  {
    "name": "Perception / Notice targets",
    "action": {
      "type": "reaction / standard",
      "cost": null
    },
    "notes": "Perception vs Stealth or passive size DCs; reaction to notice entering LOS. Reaction swift to retry failed Perception.",
    "relatedSkills": [
      {
        "skill": "Perception",
        "dc": {
          "type": "expression",
          "value": "d20 + Perception"
        },
        "outcome": "Notice hidden/concealed targets; apply concealment/cover penalties"
      }
    ],
    "type": "combatAction"
  },
  {
    "name": "Create a Diversion to Hide",
    "action": {
      "type": "standard",
      "cost": 1
    },
    "notes": "Deception vs all targets' Will to allow a Stealth attempt while targets are aware. You must be able to reach hiding place with a move.",
    "relatedSkills": [
      {
        "skill": "Deception",
        "dc": {
          "type": "opposed",
          "target": null
        },
        "outcome": "If success, allow Stealth attempt"
      },
      {
        "skill": "Stealth",
        "when": "Follow-up hide attempt"
      }
    ],
    "type": "combatAction"
  },
  {
    "name": "Use Computer / Access information",
    "action": {
      "type": "varies (full-round/1 min/1 hr)",
      "cost": null
    },
    "notes": "Use Computer checks to access info: general 15 (1 min), specific 20 (10 min), private 25 (1 hr), secret 30 (1 day) when computer attitude allows.",
    "relatedSkills": [
      {
        "skill": "Use Computer",
        "dc": {
          "type": "expression",
          "value": "d20 + Use Computer"
        },
        "outcome": "Access levels depend on DC; computer attitude modifies results"
      }
    ],
    "type": "combatAction"
  },
  {
    "name": "Use the Force (example: Move Light Object / Breath Control)",
    "action": {
      "type": "varies (move/standard/swift/full-round)",
      "cost": null
    },
    "notes": "UtF powers often require trained UtF checks. Move Light Object: UtF DC10 (move action). Breath Control (UtF) DC15 to double hold-breath rounds.",
    "relatedSkills": [
      {
        "skill": "Use the Force (UtF)",
        "dc": {
          "type": "expression",
          "value": "DC 10-25 depending on power"
        },
        "outcome": "Power effect if succeed; failure consequences vary"
      }
    ],
    "type": "combatAction"
  },
  {
    "name": "First Aid / Revivify / Treat Injury",
    "action": {
      "type": "full-round (first aid) / full-round (revivify)",
      "cost": null
    },
    "notes": "First Aid (medpac) DC15 heal; Revivify DC25 (requires medkit) to revive within 1 round of death.",
    "relatedSkills": [
      {
        "skill": "Treat Injury / First Aid",
        "dc": {
          "type": "flat",
          "value": 15
        },
        "outcome": "Heals HP or revives on success"
      }
    ],
    "type": "combatAction"
  },
  {
    "name": "Disengage / Withdraw",
    "action": {
      "type": "move",
      "cost": 1
    },
    "notes": "Withdraw at half speed; treat first square as non-threatened; cannot withdraw if must move more than one square to exit threatened area.",
    "relatedSkills": [
      {
        "skill": "Acrobatics",
        "dc": {
          "type": "flat",
          "value": 15
        },
        "when": "Tumble instead of provoke AoO"
      }
    ],
    "type": "combatAction"
  }
]