[
  {
    "application": "Climb slope/knotted rope (easy)",
    "DC": 0,
    "time": "advance on success",
    "effect": "Climb at slower speeds according to check; progress per successful check",
    "name": "Unnamed Skilluse 1",
    "type": "equipment"
  },
  {
    "application": "Climb rope with bracing or knotted rope",
    "DC": 5,
    "time": "advance on success",
    "effect": "As above",
    "name": "Unnamed Skilluse 2",
    "type": "equipment"
  },
  {
    "application": "Surface with handholds/footholds",
    "DC": 10,
    "time": "advance on success",
    "effect": "Climb at half or quarter speed per action type",
    "name": "Unnamed Skilluse 3",
    "type": "equipment"
  },
  {
    "application": "Rough natural rock / tree",
    "DC": 15,
    "time": "advance",
    "effect": "Normal climbing DCs",
    "name": "Unnamed Skilluse 4",
    "type": "equipment"
  },
  {
    "application": "Uneven surface / narrow handholds",
    "DC": 20,
    "time": "advance",
    "effect": "Harder climb",
    "name": "Unnamed Skilluse 5",
    "type": "equipment"
  },
  {
    "application": "Overhang/ceiling with handholds",
    "DC": 25,
    "time": "advance",
    "effect": "High-difficulty climb",
    "name": "Unnamed Skilluse 6",
    "type": "equipment"
  },
  {
    "application": "Climb at full speed (accelerated)",
    "DC": "+5",
    "time": "full-round",
    "effect": "Add +5 DC to climb at full speed",
    "name": "Unnamed Skilluse 7",
    "type": "equipment"
  },
  {
    "application": "Catch self when falling",
    "DC": "wall DC + 20",
    "time": "immediate",
    "effect": "Avoid falling further if succeed",
    "name": "Unnamed Skilluse 8",
    "type": "equipment"
  },
  {
    "application": "Feint (standard)",
    "DC": "opposed (Deception vs target Initiative)",
    "time": "standard",
    "effect": "If success, target loses Dex bonus to Reflex vs your next attack next round",
    "name": "Unnamed Skilluse 9",
    "type": "equipment"
  },
  {
    "application": "Group Feint (full-round)",
    "DC": "opposed (single Deception roll) ; -5 per extra target",
    "time": "full-round",
    "effect": "Sets DC for multiple opponents; successes make those opponents flat-footed vs group's first attacks next round",
    "name": "Unnamed Skilluse 10",
    "type": "equipment"
  },
  {
    "application": "Deceptive Appearance (disguise)",
    "DC": "opposed by Perception",
    "time": "Simple 1 min / Moderate 10 min / Difficult 1 hr / Incredible 1 day / Outrageous 2 weeks",
    "effect": "Creates disguise/appearance; modifier to Deception check provided (+5 to -20 per table)",
    "name": "Unnamed Skilluse 11",
    "type": "equipment"
  },
  {
    "application": "Deceptive Information",
    "DC": "Simple +5, Moderate +0, Difficult -5, Incredible -10, Outrageous -20",
    "time": "Simple: 1 standard; Moderate: full-round; Difficult+: 1 min+",
    "effect": "Convey deceptive info; opposed by Will and Perception as relevant; failure severities described",
    "name": "Unnamed Skilluse 12",
    "type": "equipment"
  },
  {
    "application": "Alternate Story (trained)",
    "DC": "GM-determined",
    "time": "variable",
    "effect": "Retry deception at -10 to convey alternate deceptive information after failing",
    "name": "Unnamed Skilluse 13",
    "type": "equipment"
  },
  {
    "application": "Cheat (trained)",
    "DC": "opposed Perception",
    "time": "as gambling action",
    "effect": "Use Deception vs Perception to cheat at gambling",
    "name": "Unnamed Skilluse 14",
    "type": "equipment"
  },
  {
    "application": "Innuendo (trained)",
    "DC": "10 (simple) to 25 (complex)",
    "time": "varies",
    "effect": "Transmit secret message; Perception can intercept",
    "name": "Unnamed Skilluse 15",
    "type": "equipment"
  },
  {
    "application": "Create a diversion to hide (standard)",
    "DC": "opposed by targets' Will",
    "time": "standard plus move to reach hiding spot",
    "effect": "On success you may attempt a Stealth check (Dex-based) while targets are aware",
    "name": "Unnamed Skilluse 16",
    "type": "equipment"
  },
  {
    "application": "Create a diversion to hide item (standard)",
    "DC": "opposed by targets' Will",
    "time": "standard",
    "effect": "Attempt to hide an item while targets distracted; must reach hiding place in a move action",
    "name": "Unnamed Skilluse 17",
    "type": "equipment"
  },
  {
    "application": "Gather Information (general)",
    "DC": 10,
    "time": "1d6 hours per check",
    "effect": "Gathers local news/rumors; better results for higher DC or spendable resources",
    "name": "Unnamed Skilluse 18",
    "type": "equipment"
  },
  {
    "application": "Analysis (trained)",
    "DC": 15,
    "time": "post-gather",
    "effect": "Add +10 bonus to original Gather Information check if data is complete; adjust for incomplete data",
    "name": "Unnamed Skilluse 19",
    "type": "equipment"
  },
  {
    "application": "Find Black Market Object",
    "DC": "10/15/20/25 (Licensed/Restricted/Military/Illegal)",
    "time": "1/2/5/10 days",
    "effect": "Purchase cost multipliers x2/x3/x4/x5 and wait time; subject to circumstance modifiers",
    "name": "Unnamed Skilluse 20",
    "type": "equipment"
  },
  {
    "application": "Quick Intel (trained)",
    "DC": "trained use",
    "time": "halves Gather Info time",
    "effect": "Declare before rolling; +10 DC to halve time required",
    "name": "Unnamed Skilluse 21",
    "type": "equipment"
  },
  {
    "application": "Identify item function",
    "DC": 20,
    "time": "variable",
    "effect": "Learn primary function; +1 fact per +5 over DC",
    "name": "Unnamed Skilluse 22",
    "type": "equipment"
  },
  {
    "application": "Knowledge (common)",
    "DC": 10,
    "time": "instant",
    "effect": "General knowledge",
    "name": "Unnamed Skilluse 23",
    "type": "equipment"
  },
  {
    "application": "Knowledge (expert/trained)",
    "DC": "15-25",
    "time": "instant",
    "effect": "Specialist knowledge (Tactics, Tech, etc.)",
    "name": "Unnamed Skilluse 24",
    "type": "equipment"
  },
  {
    "application": "Anticipate Enemy Strategy (Knowledge Tactics, trained)",
    "DC": "target's Will",
    "time": "move action",
    "effect": "Predict if target will attack/move/use special strategies",
    "name": "Unnamed Skilluse 25",
    "type": "equipment"
  },
  {
    "application": "Jump long (DC formula)",
    "DC": "distance_meters × 3 (double without run-up)",
    "time": "part of movement",
    "effect": "Distance jumped counts against movement; Jump down DC15 reduces falling damage by 3m",
    "name": "Unnamed Skilluse 26",
    "type": "equipment"
  },
  {
    "application": "Initiative (take 10 when appropriate)",
    "DC": "N/A",
    "time": "initiative roll",
    "effect": "Allowed only when conditions met (prepared/ambush)",
    "name": "Unnamed Skilluse 27",
    "type": "equipment"
  },
  {
    "application": "Disable Device — Simple",
    "DC": 15,
    "time": "full-round",
    "effect": "Sabotage mechanical device; basic bypass",
    "name": "Unnamed Skilluse 28",
    "type": "equipment"
  },
  {
    "application": "Disable Device — Tricky",
    "DC": 20,
    "time": "full-round",
    "effect": "Sabotage electronic device or bypass basic electronic lock",
    "name": "Unnamed Skilluse 29",
    "type": "equipment"
  },
  {
    "application": "Disable Device — Complex",
    "DC": 25,
    "time": "full-round",
    "effect": "Disarm complex electronic security or bypass complex locks",
    "name": "Unnamed Skilluse 30",
    "type": "equipment"
  },
  {
    "application": "To leave no trace of tampering",
    "DC": "+5 to disable DC",
    "time": "additional",
    "effect": "Harder to disable but conceals traces",
    "name": "Unnamed Skilluse 31",
    "type": "equipment"
  },
  {
    "application": "Jury-rig (trained, temporary repair)",
    "DC": 25,
    "time": "full-round",
    "effect": "Temporarily repair disabled mechanical/electronic device: +2 CT and +1d8 HP; decays at end of scene",
    "name": "Unnamed Skilluse 32",
    "type": "equipment"
  },
  {
    "application": "Recharge shields (trained)",
    "DC": 20,
    "time": "3 swift actions",
    "effect": "Restore 5 SR on success",
    "name": "Unnamed Skilluse 33",
    "type": "equipment"
  },
  {
    "application": "Regulate power (vehicle)",
    "DC": 20,
    "time": "3 swift actions",
    "effect": "Move vehicle +1 CT",
    "name": "Unnamed Skilluse 34",
    "type": "equipment"
  },
  {
    "application": "Repair object (trained)",
    "DC": 20,
    "time": "1 hour",
    "effect": "Restore 1d8 HP and remove persistent conditions",
    "name": "Unnamed Skilluse 35",
    "type": "equipment"
  },
  {
    "application": "Repair droid (trained)",
    "DC": 20,
    "time": "1 hour",
    "effect": "Restore HP equal to droid level; removes persistent conditions (self-repair takes -5 penalty)",
    "name": "Unnamed Skilluse 36",
    "type": "equipment"
  },
  {
    "application": "Refit antiquated vehicle/weapon",
    "DC": "GM/Mechanics",
    "time": "days to months by size",
    "effect": "Apply refitted template; costs 20% base value",
    "name": "Unnamed Skilluse 37",
    "type": "equipment"
  },
  {
    "application": "Modify droid — locomotion",
    "DC": 25,
    "time": "1 day",
    "effect": "Alter droid locomotion system",
    "name": "Unnamed Skilluse 38",
    "type": "equipment"
  },
  {
    "application": "Modify droid — processor",
    "DC": "20 Use Computer + 20 Mechanics",
    "time": "1 day",
    "effect": "Change or attach processor functionality (requires Use Computer adjunct)",
    "name": "Unnamed Skilluse 39",
    "type": "equipment"
  },
  {
    "application": "Modify droid — appendage/accessory",
    "DC": "20/15 Mechanics",
    "time": "1 hour or 10 mins",
    "effect": "Add/replace appendages or accessories; installing weapon mounting may be DC 15 or 20 depending on degree",
    "name": "Unnamed Skilluse 40",
    "type": "equipment"
  },
  {
    "application": "Reprogram droid (trained)",
    "DC": "droid's Will",
    "time": "10 minutes",
    "effect": "Change droid's master or erase/copy memory (Use Computer adjunct as needed)",
    "name": "Unnamed Skilluse 41",
    "type": "equipment"
  },
  {
    "application": "Shut down unwilling droid (while grabbed)",
    "DC": "Mechanics vs droid's Will",
    "time": "standard while grabbed",
    "effect": "If succeed, droid is shut down",
    "name": "Unnamed Skilluse 42",
    "type": "equipment"
  },
  {
    "application": "Persuasion (change attitude, full-round)",
    "DC": "target Will with attitude modifiers (-10 to +0)",
    "time": "full-round",
    "effect": "Improve attitude by 1 step on success; -5 if language barrier",
    "name": "Unnamed Skilluse 43",
    "type": "equipment"
  },
  {
    "application": "Haggle (reduce or add 50% price)",
    "DC": "GM-determined Persuasion/Haggle table",
    "time": "as interaction",
    "effect": "Adjust sale price; target won't overpay for common items",
    "name": "Unnamed Skilluse 44",
    "type": "equipment"
  },
  {
    "application": "Bribery (officials)",
    "DC": "10/20/30 with risk modifiers",
    "time": "variable",
    "effect": "Modify official's compliance based on risk and amount; high bribes reduce DC",
    "name": "Unnamed Skilluse 45",
    "type": "equipment"
  },
  {
    "application": "Intimidate to coerce (full-round)",
    "DC": "opposed Will or GM-set",
    "time": "full-round",
    "effect": "Force target to back down, surrender possession, or flee for short time; cannot force to endanger life",
    "name": "Unnamed Skilluse 46",
    "type": "equipment"
  },
  {
    "application": "Situational modifiers",
    "DC": "apply modifiers per table (+5 helpless, -5 evenly matched, -10 if you are disadvantaged)",
    "time": "applies to the check",
    "effect": "Modify Intimidate roll",
    "name": "Unnamed Skilluse 47",
    "type": "equipment"
  },
  {
    "application": "Increase vehicle speed (trained, swift)",
    "DC": 20,
    "time": "swift",
    "effect": "Increase speed by +1 sq for next turn; every +5 over DC adds another +1",
    "name": "Unnamed Skilluse 48",
    "type": "equipment"
  },
  {
    "application": "Avoid collision (reaction)",
    "DC": 15,
    "time": "reaction",
    "effect": "Reduce or negate collision damage; success halves damage",
    "name": "Unnamed Skilluse 49",
    "type": "equipment"
  },
  {
    "application": "Dogfight (standard)",
    "DC": "opposed Pilot vs Pilot with -5 penalty",
    "time": "standard",
    "effect": "Engage enemy in dogfight on success",
    "name": "Unnamed Skilluse 50",
    "type": "equipment"
  },
  {
    "application": "Start battle while piloting (use Pilot for Initiative)",
    "DC": "use Pilot mod + vehicle size & DEX",
    "time": "initiative roll",
    "effect": "Pilot skill can substitute for Initiative when trained",
    "name": "Unnamed Skilluse 51",
    "type": "equipment"
  },
  {
    "application": "Sneak (opposed)",
    "DC": "opposed by Perception",
    "time": "move or standard to hide",
    "effect": "Hide from targets; taking certain actions reveals you",
    "name": "Unnamed Skilluse 52",
    "type": "equipment"
  },
  {
    "application": "Conceal item on self (standard)",
    "DC": "size-based: item 1 size smaller = -5, 2 sizes smaller = +0, etc.",
    "time": "standard",
    "effect": "Opponent Perception opposed; +10 to Perception if physically searching",
    "name": "Unnamed Skilluse 53",
    "type": "equipment"
  },
  {
    "application": "Conceal large item (in compartment)",
    "DC": "Stealth vs Perception +10 if adjacent",
    "time": "variable",
    "effect": "Hide large object inside room; use hiding compartments to gain +5 to +20",
    "name": "Unnamed Skilluse 54",
    "type": "equipment"
  },
  {
    "application": "Drop (plant small item quickly)",
    "DC": "S&V 20 example",
    "time": "swift/standard depending",
    "effect": "Deposit small concealed item without notice; opposed Perception",
    "name": "Unnamed Skilluse 55",
    "type": "equipment"
  },
  {
    "application": "Pick pocket (standard)",
    "DC": "opposed: target Perception +5",
    "time": "standard",
    "effect": "Take hand-sized object; fail by 5+ = notice",
    "name": "Unnamed Skilluse 56",
    "type": "equipment"
  },
  {
    "application": "Sleight of Hand (palm/perform)",
    "DC": "opposed Perception",
    "time": "standard",
    "effect": "Palm small objects or perform unnoticed action",
    "name": "Unnamed Skilluse 57",
    "type": "equipment"
  },
  {
    "application": "Snipe (from hiding, standard+move)",
    "DC": "Must have been hidden; Stealth move action at -10",
    "time": "standard + move",
    "effect": "Make ranged attack from hiding then attempt to remain hidden with -10 Stealth",
    "name": "Unnamed Skilluse 58",
    "type": "equipment"
  },
  {
    "application": "Basic survival (24h)",
    "DC": 15,
    "time": "1 check = 24h",
    "effect": "Provide food & water for self; each +2 above provides for one more person",
    "name": "Unnamed Skilluse 59",
    "type": "equipment"
  },
  {
    "application": "Create defensive position (trained)",
    "DC": 20,
    "time": "10 minutes",
    "effect": "Prepare 20×20 area: allies get +2 Ref; opponents -5 Stealth within area; no Perception penalty while sleeping",
    "name": "Unnamed Skilluse 60",
    "type": "equipment"
  },
  {
    "application": "Endure extreme temperatures (field kit)",
    "DC": 20,
    "time": "once per day",
    "effect": "Ignore extreme temperature attacks for next 24h on success",
    "name": "Unnamed Skilluse 61",
    "type": "equipment"
  },
  {
    "application": "Track (trained)",
    "DC": "10/20/30 depending on surface",
    "time": "per tracking check",
    "effect": "Locate trail; modifiers for terrain, time, weather apply",
    "name": "Unnamed Skilluse 62",
    "type": "equipment"
  },
  {
    "application": "First Aid (requires medpac)",
    "DC": 15,
    "time": "full-round",
    "effect": "Heal HP = target level +1 per point over DC; cannot retry on same target for 24h",
    "name": "Unnamed Skilluse 63",
    "type": "equipment"
  },
  {
    "application": "Revivify (trained, medkit)",
    "DC": 25,
    "time": "full-round (must be within 1 round of death)",
    "effect": "Revive dead target but leaves them unconscious on success",
    "name": "Unnamed Skilluse 64",
    "type": "equipment"
  },
  {
    "application": "Heal Damage (surgery kit, trained)",
    "DC": 20,
    "time": "1 hour",
    "effect": "Restore HP = CON_mod (min 1) × level and remove persistent conditions; failure deals DT to target",
    "name": "Unnamed Skilluse 65",
    "type": "equipment"
  },
  {
    "application": "Long-term care",
    "DC": "untrained or trained",
    "time": "8 hours",
    "effect": "Tend creature for 8h to regain additional HP = level; trained can tend up to 6 creatures",
    "name": "Unnamed Skilluse 66",
    "type": "equipment"
  },
  {
    "application": "Temporary Mending (biotech/vehicle)",
    "DC": 20,
    "time": "full-round",
    "effect": "Heal 1d8 HP & +2 CT to damaged biotech object or vehicle; +5 with biotech tool kit",
    "name": "Unnamed Skilluse 67",
    "type": "equipment"
  },
  {
    "application": "Access information — General",
    "DC": 15,
    "time": "1 minute (10 rounds)",
    "effect": "Retrieve general info from network",
    "name": "Unnamed Skilluse 68",
    "type": "equipment"
  },
  {
    "application": "Access information — Specific",
    "DC": 20,
    "time": "10 minutes",
    "effect": "Retrieve specific info (date of birth, record, etc.)",
    "name": "Unnamed Skilluse 69",
    "type": "equipment"
  },
  {
    "application": "Access information — Private",
    "DC": 25,
    "time": "1 hour",
    "effect": "Retrieve private channel info",
    "name": "Unnamed Skilluse 70",
    "type": "equipment"
  },
  {
    "application": "Access information — Secret (helpful computer)",
    "DC": 30,
    "time": "1 day (8 hours)",
    "effect": "Secret credentials only accessible to helpful computers",
    "name": "Unnamed Skilluse 71",
    "type": "equipment"
  },
  {
    "application": "Backtrail (trained)",
    "DC": 25,
    "time": "varies",
    "effect": "Identify last user of computer and info accessed",
    "name": "Unnamed Skilluse 72",
    "type": "equipment"
  },
  {
    "application": "Copy/reprogram code cylinder or access card",
    "DC": "20/30/35 (admin/encrypted military/encrypted Imperial)",
    "time": "10 minutes",
    "effect": "Reprogram or copy security access",
    "name": "Unnamed Skilluse 73",
    "type": "equipment"
  },
  {
    "application": "Improve Access (trained)",
    "DC": "vs computer's Will (attitude modifiers apply)",
    "time": "varies",
    "effect": "Shift computer attitude by 1 step on success; failure may worsen attitude",
    "name": "Unnamed Skilluse 74",
    "type": "equipment"
  },
  {
    "application": "Disable or erase program (requires helpful attitude)",
    "DC": 15,
    "time": "10 minutes",
    "effect": "Remove program when computer attitude is helpful",
    "name": "Unnamed Skilluse 75",
    "type": "equipment"
  },
  {
    "application": "Astrogate (plot hyperspace route)",
    "DC": "10-30 by data age (applies Use Computer as principal)",
    "time": "1 minute; DC30 1 hour if no data",
    "effect": "Success: arrive in days = 1d6 × hyperdrive multiplier; higher DCs reduce time further per +5 over DC",
    "name": "Unnamed Skilluse 76",
    "type": "equipment"
  },
  {
    "application": "Astrogate — reduce travel time (risk/reward)",
    "DC": "add +5 per desired reduction step (Use Computer applied)",
    "time": "pre-declared",
    "effect": "Each +5 over DC reduces travel time; failure can inflict ship CT and damage penalties",
    "name": "Unnamed Skilluse 77",
    "type": "equipment"
  },
  {
    "application": "Breath Control (UtF trained)",
    "DC": 15,
    "time": "instant / sustained",
    "effect": "Hold breath for 2× CON rounds before Endurance checks",
    "name": "Unnamed Skilluse 78",
    "type": "equipment"
  },
  {
    "application": "Force Trance (UtF trained)",
    "DC": 10,
    "time": "full-round to enter; each hour gains HP = level; 4 hours heals fully",
    "effect": "Extended rest benefits; reduces need for food/water/air",
    "name": "Unnamed Skilluse 79",
    "type": "equipment"
  },
  {
    "application": "Place other in Force Trance",
    "DC": 15,
    "time": "full-round",
    "effect": "Place willing adjacent target into trance; only force-user may end trance",
    "name": "Unnamed Skilluse 80",
    "type": "equipment"
  },
  {
    "application": "Move Light Object (UtF trained)",
    "DC": 10,
    "time": "move action",
    "effect": "Telekinetically move up to 5 kg 6 sq (move action)",
    "name": "Unnamed Skilluse 81",
    "type": "equipment"
  },
  {
    "application": "Move Light Object (hurl, standard)",
    "DC": 15,
    "time": "standard",
    "effect": "Hurl object vs Ref to deal 1d6; treat as ranged attack",
    "name": "Unnamed Skilluse 82",
    "type": "equipment"
  },
  {
    "application": "Search Your Feelings",
    "DC": 15,
    "time": "full-round",
    "effect": "Determine short-term favorability of an action (next 10 minutes)",
    "name": "Unnamed Skilluse 83",
    "type": "equipment"
  },
  {
    "application": "Sense Force (trained)",
    "DC": 15,
    "time": "full-round",
    "effect": "Sense Force-users within wide ranges; opposed UtF can conceal presence; extra ranges for dark side/strong disturbances",
    "name": "Unnamed Skilluse 84",
    "type": "equipment"
  },
  {
    "application": "Sense Surroundings (trained, swift)",
    "DC": 15,
    "time": "swift",
    "effect": "Ignore effects of cover and concealment for Perception checks until start of next turn (DC+5 vs total cover)",
    "name": "Unnamed Skilluse 85",
    "type": "equipment"
  }
]