[
  {
    "dc": 15,
    "effect": "+1 attack, +1d6 damage"
  },
  {
    "dc": 20,
    "effect": "+1 attack, +2d6 damage"
  },
  {
    "dc": 25,
    "effect": "+1 attack, +3d6 damage"
  },
  {
    "dc": 15,
    "effect": "+2 melee attack and damage until end of turn"
  },
  {
    "dc": 20,
    "effect": "+4 melee attack and damage until end of turn"
  },
  {
    "dc": 25,
    "effect": "+6 melee attack and damage until end of turn"
  },
  {
    "dc": "≥ Will Defense",
    "effect": "Sense life status, surroundings, emotions"
  },
  {
    "dc": "vs. Disarm rules",
    "effect": "Disarm target, weapon drops or flies to your hand"
  },
  {
    "dc": 15,
    "effect": "2d6 damage, target limited to swift action"
  },
  {
    "dc": 20,
    "effect": "4d6 damage, target limited to swift action"
  },
  {
    "dc": 25,
    "effect": "6d6 damage, target limited to swift action"
  },
  {
    "dc": "≥ Reflex Defense",
    "effect": "8d6 damage, -1 condition step"
  },
  {
    "dc": "< Reflex Defense",
    "effect": "4d6 damage, no condition change"
  },
  {
    "dc": "≥ Fortitude Defense",
    "effect": "4d6 damage, knocked prone"
  },
  {
    "dc": "< Fortitude Defense",
    "effect": "2d6 damage, not prone"
  },
  {
    "dc": "≥ Fortitude Defense",
    "effect": "-1 condition step"
  },
  {
    "dc": "+5 over",
    "effect": "-2 condition steps"
  },
  {
    "dc": "+10 over",
    "effect": "-3 condition steps"
  },
  {
    "dc": "vs. Strength check",
    "effect": "Push 1 square +1 per 5 over; 1d6 damage if hitting object"
  },
  {
    "dc": 15,
    "effect": "Move Medium object, 2d6 damage"
  },
  {
    "dc": 20,
    "effect": "Move Large object, 4d6 damage"
  },
  {
    "dc": 25,
    "effect": "Move Huge object, 6d6 damage"
  },
  {
    "dc": 30,
    "effect": "Move Gargantuan object, 8d6 damage"
  },
  {
    "dc": 35,
    "effect": "Move Colossal object, 10d6 damage"
  },
  {
    "dc": "≥ enemy Use the Force check",
    "effect": "Negate power and reflect it back on attacker"
  },
  {
    "dc": 15,
    "effect": "Sense if a specific action will lead to good or bad outcome within 24 hours"
  },
  {
    "dc": "≥ Will Defense",
    "effect": "Target loses Force powers and Force Point access for 24 hours"
  },
  {
    "dc": 15,
    "effect": "+10 speed, +5 Jump checks until end of turn"
  },
  {
    "dc": 20,
    "effect": "+10 speed, +10 Jump checks until end of turn"
  },
  {
    "dc": 25,
    "effect": "+10 speed, +15 Jump checks until end of turn"
  },
  {
    "dc": 15,
    "effect": "Heal target 1/2 your level in hit points; you take same amount as damage"
  },
  {
    "dc": 20,
    "effect": "Heal target equal to your level; you take half that as damage"
  },
  {
    "dc": 25,
    "effect": "Heal target 2× your level; you take 1/4 that as damage"
  },
  {
    "dc": "≥ Will Defense",
    "effect": "Target believes a simple lie or suggestion"
  },
  {
    "dc": "≥ damage dealt",
    "effect": "Negate energy damage from one attack"
  },
  {
    "dc": 15,
    "effect": "+5 to Reflex Defense until start of next turn"
  },
  {
    "dc": 20,
    "effect": "+10 to Reflex Defense until start of next turn"
  },
  {
    "dc": 25,
    "effect": "+15 to Reflex Defense until start of next turn"
  },
  {
    "dc": 15,
    "effect": "+1 to attack rolls, skill checks, and all defenses for 1 minute"
  },
  {
    "dc": 20,
    "effect": "+2 to same bonuses"
  },
  {
    "dc": 25,
    "effect": "+3 to same bonuses"
  },
  {
    "dc": 15,
    "effect": "Gain concealment until end of turn"
  },
  {
    "dc": 20,
    "effect": "Gain total concealment until end of turn"
  },
  {
    "dc": 25,
    "effect": "Gain total concealment and +5 Stealth until end of turn"
  },
  {
    "dc": "≥ Reflex Defense",
    "effect": "6d6 damage, pushed 1 square"
  },
  {
    "dc": "< Reflex Defense",
    "effect": "3d6 damage, no push"
  },
  {
    "dc": "≥ Reflex Defense",
    "effect": "8d6 electricity damage, -1 condition step"
  },
  {
    "dc": "< Reflex Defense",
    "effect": "4d6 electricity damage"
  },
  {
    "dc": "≥ Will Defense",
    "effect": "6d6 sonic damage, -1 condition step"
  },
  {
    "dc": "< Will Defense",
    "effect": "3d6 sonic damage"
  },
  {
    "dc": 15,
    "effect": "Ignore concealment and cover from Force-sensitive targets for 1 round"
  },
  {
    "dc": 20,
    "effect": "Same effect for 1 minute"
  },
  {
    "dc": 25,
    "effect": "Same effect for 10 minutes"
  },
  {
    "dc": "≥ Will Defense",
    "effect": "Sense direction and distance to target"
  },
  {
    "dc": 15,
    "effect": "+1d6 damage until end of turn"
  },
  {
    "dc": 20,
    "effect": "+2d6 damage until end of turn"
  },
  {
    "dc": 25,
    "effect": "+3d6 damage until end of turn"
  },
  {
    "dc": 15,
    "effect": "+1 to attack rolls until end of turn"
  },
  {
    "dc": 20,
    "effect": "+2 to attack rolls until end of turn"
  },
  {
    "dc": 25,
    "effect": "+3 to attack rolls until end of turn"
  },
  {
    "dc": "≥ Fortitude Defense",
    "effect": "Target is nauseated for 1 round"
  }
]