{
  "categories": {
    "widelyUsed": {
      "name": "Widely Used Languages",
      "description": "Common languages spoken throughout the galaxy",
      "languages": [
        "Basic",
        "Binary",
        "Bocce",
        "Bothese",
        "Cerean",
        "Dosh",
        "Durese",
        "Ewokese",
        "Gamorrean",
        "Gunganese",
        "High Galactic",
        "Huttese",
        "Ithorese",
        "Jawa Trade Language",
        "Kel Dor",
        "Mon Calamarian",
        "Quarrenese",
        "Rodese",
        "Ryl",
        "Shyriiwook",
        "Sullustese",
        "Zabrak"
      ]
    },
    "localTrade": {
      "name": "Local/Trade Languages",
      "description": "Regional languages and trade tongues",
      "languages": [
        "Old Corellian",
        "Socorran",
        "Sy Bisti",
        "Altirish",
        "Anomid",
        "Anzat",
        "Anzati",
        "Anarrese",
        "Barabel",
        "Besalisk",
        "Chevin",
        "Chadra-Fan",
        "Cheunh",
        "Defel",
        "Devaronese",
        "Dromnyr",
        "Ebruchese",
        "Firrerreo",
        "Givin",
        "Iktotchese",
        "Kiffar",
        "Killik",
        "Klatooinian",
        "Kreva",
        "Kubaz",
        "Minnisiat (Trade Language)",
        "Muun",
        "Nikto",
        "Omwati",
        "Ortolan",
        "Quermian",
        "Rakata",
        "Rammocate (Trade Language)",
        "Shi'ido",
        "Shistavanen",
        "Sith",
        "Sluissese",
        "Squibbian",
        "Ssi-Ruuvi",
        "Tibranese",
        "Tof",
        "Vagaari",
        "Verpine",
        "Vratix",
        "Vurk",
        "Weequay",
        "Yevethan",
        "Zeltron",
        "Military Sign Language"
      ]
    }
  },
  "localLanguages": [
    "Ewokese",
    "Gunganese",
    "Jawa Trade Language",
    "Altirish",
    "Anzat",
    "Anarrese",
    "Dromnyr",
    "Chadra-Fan",
    "Cheunh",
    "Ebruchese",
    "Killik",
    "Shistavanen",
    "Sluissese",
    "Squibbian",
    "Ssi-Ruuvi",
    "Tibranese",
    "Tof",
    "Vagaari",
    "Verpine"
  ],
  "note": {
    "localLanguages": "Languages marked with * in the original list - not widely spoken except on their planet of origin or in their nomadic group.",
    "rakata": "Rakata was widely spoken during The Pre-Republic Era, locally spoken in all other eras."
  }
}
