[
  {
    "name": "Pilot the Ship",
    "action": {
      "type": "move",
      "cost": 1
    },
    "crewPosition": "pilot",
    "notes": "Move the ship up to its speed. Make Pilot checks for difficult maneuvers.",
    "relatedSkills": [
      {
        "skill": "Pilot",
        "dc": {
          "type": "varies",
          "value": "10-30 depending on maneuver"
        },
        "outcome": "Ship moves; failure may result in collision or loss of control"
      }
    ],
    "type": "shipCombatAction"
  },
  {
    "name": "Attack Run",
    "action": {
      "type": "full-round",
      "cost": 1
    },
    "crewPosition": "pilot",
    "notes": "Move and fire vehicle weapons in same turn. Move up to ship's speed and make one attack with any forward-arc weapon.",
    "relatedSkills": [
      {
        "skill": "Pilot",
        "when": "making attack run maneuver"
      }
    ],
    "type": "shipCombatAction"
  },
  {
    "name": "Evasive Action",
    "action": {
      "type": "full-round",
      "cost": 1
    },
    "crewPosition": "pilot",
    "notes": "Pilot gains +2 dodge bonus to Reflex Defense until start of next turn. Ship cannot make attacks this round.",
    "relatedSkills": [
      {
        "skill": "Pilot",
        "outcome": "+2 dodge bonus to ship's Reflex Defense"
      }
    ],
    "type": "shipCombatAction"
  },
  {
    "name": "Starship Dodge (Reaction)",
    "action": {
      "type": "reaction",
      "cost": 1
    },
    "crewPosition": "pilot",
    "notes": "As reaction when targeted by attack: Pilot check DC = attack roll. Success: attack misses. Limited uses per encounter.",
    "relatedSkills": [
      {
        "skill": "Pilot",
        "dc": {
          "type": "opposed",
          "value": "Opposed by attack roll"
        },
        "outcome": "Attack misses if check succeeds"
      }
    ],
    "type": "shipCombatAction"
  },
  {
    "name": "Ram",
    "action": {
      "type": "standard",
      "cost": 1
    },
    "crewPosition": "pilot",
    "notes": "Pilot check opposed by target's Pilot check (or Reflex if unmanned). Success: both vehicles take collision damage based on size and speed.",
    "relatedSkills": [
      {
        "skill": "Pilot",
        "dc": {
          "type": "opposed",
          "value": "Opposed Pilot check"
        },
        "outcome": "Collision damage to both vehicles"
      }
    ],
    "type": "shipCombatAction"
  },
  {
    "name": "Flying Ace Maneuver",
    "action": {
      "type": "varies",
      "cost": null
    },
    "crewPosition": "pilot",
    "notes": "Special maneuvers requiring Vehicular Combat feat and high Pilot skill. Includes barrel roll, bootlegger reverse, etc.",
    "relatedSkills": [
      {
        "skill": "Pilot",
        "dc": {
          "type": "varies",
          "value": "15-30"
        },
        "when": "trained in Pilot and has Vehicular Combat feat"
      }
    ],
    "type": "shipCombatAction"
  },
  {
    "name": "Fire Weapon",
    "action": {
      "type": "standard",
      "cost": 1
    },
    "crewPosition": "gunner",
    "notes": "Make attack roll with one weapon system. Use ship's attack bonus or your own Pilot skill.",
    "relatedSkills": [
      {
        "skill": "Pilot",
        "dc": {
          "type": "expression",
          "value": "d20 + Pilot (or ship's attack bonus) vs target's Reflex"
        },
        "outcome": "Weapon damage on hit"
      }
    ],
    "type": "shipCombatAction"
  },
  {
    "name": "Aim (Starship)",
    "action": {
      "type": "swift",
      "cost": 1
    },
    "crewPosition": "gunner",
    "notes": "Gain +2 bonus on next attack with specific weapon this round. Must fire weapon same round or lose benefit.",
    "relatedSkills": [
      {
        "skill": "Pilot",
        "outcome": "+2 to next attack roll with aimed weapon"
      }
    ],
    "type": "shipCombatAction"
  },
  {
    "name": "Concentrate Fire",
    "action": {
      "type": "swift",
      "cost": 1
    },
    "crewPosition": "gunner",
    "notes": "Designate target for all gunners. Gunners firing at designated target gain +1 bonus to attack rolls this round.",
    "relatedSkills": [
      {
        "skill": "Pilot",
        "outcome": "+1 attack bonus for all gunners vs designated target"
      }
    ],
    "type": "shipCombatAction"
  },
  {
    "name": "Fire Linked Weapons",
    "action": {
      "type": "standard",
      "cost": 1
    },
    "crewPosition": "gunner",
    "notes": "Fire multiple weapons of same type as single attack. +1 to attack per additional weapon, combine damage dice.",
    "relatedSkills": [
      {
        "skill": "Pilot",
        "outcome": "Combined damage from all linked weapons"
      }
    ],
    "type": "shipCombatAction"
  },
  {
    "name": "Autofire (Starship)",
    "action": {
      "type": "standard",
      "cost": 1
    },
    "crewPosition": "gunner",
    "notes": "Area attack covering 2x2 square area. -5 penalty to attack. Each target in area makes Reflex save vs attack result.",
    "relatedSkills": [
      {
        "skill": "Pilot",
        "dc": {
          "type": "expression",
          "value": "d20 + Pilot - 5"
        },
        "outcome": "All targets in area take damage if attack beats their Reflex"
      }
    ],
    "type": "shipCombatAction"
  },
  {
    "name": "Jury-Rig (Starship)",
    "action": {
      "type": "move",
      "cost": 1
    },
    "crewPosition": "engineer",
    "notes": "Temporary repair to restore function to damaged system. Mechanics DC 20 (trained only). System functions for 1d4 rounds then breaks again.",
    "relatedSkills": [
      {
        "skill": "Mechanics",
        "dc": {
          "type": "flat",
          "value": 20
        },
        "when": "trained in Mechanics",
        "outcome": "Damaged system functions for 1d4 rounds"
      }
    ],
    "type": "shipCombatAction"
  },
  {
    "name": "Repair Damage (Starship)",
    "action": {
      "type": "full-round",
      "cost": 1
    },
    "crewPosition": "engineer",
    "notes": "Mechanics check to restore hull points. DC 15: restore 1d4 HP. DC 20: restore 2d4 HP. DC 25: restore 3d4 HP. Requires tools.",
    "relatedSkills": [
      {
        "skill": "Mechanics",
        "dc": {
          "type": "varies",
          "value": "15/20/25"
        },
        "outcome": "Restore 1d4/2d4/3d4 hull points"
      }
    ],
    "type": "shipCombatAction"
  },
  {
    "name": "Boost Shields",
    "action": {
      "type": "swift",
      "cost": 1
    },
    "crewPosition": "engineer",
    "notes": "Divert power to shields. Mechanics DC 20. Success: restore SR equal to 1/4 max SR. Can only be done once per encounter.",
    "relatedSkills": [
      {
        "skill": "Mechanics",
        "dc": {
          "type": "flat",
          "value": 20
        },
        "outcome": "Restore SR equal to 1/4 maximum SR"
      }
    ],
    "type": "shipCombatAction"
  },
  {
    "name": "Divert Power",
    "action": {
      "type": "swift",
      "cost": 1
    },
    "crewPosition": "engineer",
    "notes": "Redirect power from one system to another. Mechanics DC 15. Can boost weapons (+1 damage die), shields (+SR), or speed (+2 squares).",
    "relatedSkills": [
      {
        "skill": "Mechanics",
        "dc": {
          "type": "flat",
          "value": 15
        },
        "outcome": "Chosen system receives temporary boost"
      }
    ],
    "type": "shipCombatAction"
  },
  {
    "name": "Recharge Shields (Engineer)",
    "action": {
      "type": "3 swift actions",
      "cost": 3
    },
    "crewPosition": "engineer",
    "notes": "Takes 3 consecutive swift actions (1.5 rounds). Mechanics DC 20. Success: restore shields to full SR.",
    "relatedSkills": [
      {
        "skill": "Mechanics",
        "dc": {
          "type": "flat",
          "value": 20
        },
        "when": "trained in Mechanics",
        "outcome": "Restore shields to maximum SR"
      }
    ],
    "type": "shipCombatAction"
  },
  {
    "name": "Regulate Power Systems",
    "action": {
      "type": "3 swift actions",
      "cost": 3
    },
    "crewPosition": "engineer",
    "notes": "Takes 3 swift actions. Mechanics DC 20. Success: move vehicle one step up condition track (max to -1).",
    "relatedSkills": [
      {
        "skill": "Mechanics",
        "dc": {
          "type": "flat",
          "value": 20
        },
        "outcome": "Improve vehicle condition track by one step"
      }
    ],
    "type": "shipCombatAction"
  },
  {
    "name": "Raise/Lower Shields",
    "action": {
      "type": "swift",
      "cost": 1
    },
    "crewPosition": "shields",
    "notes": "Activate or deactivate shields as swift action. No skill check required.",
    "relatedSkills": [],
    "type": "shipCombatAction"
  },
  {
    "name": "Recharge Shields (Shields Operator)",
    "action": {
      "type": "3 swift actions",
      "cost": 3
    },
    "crewPosition": "shields",
    "notes": "Takes 3 consecutive swift actions. Mechanics DC 20. Restore shields to maximum SR.",
    "relatedSkills": [
      {
        "skill": "Mechanics",
        "dc": {
          "type": "flat",
          "value": 20
        },
        "outcome": "Restore shields to full SR"
      }
    ],
    "type": "shipCombatAction"
  },
  {
    "name": "Redirect Shields",
    "action": {
      "type": "swift",
      "cost": 1
    },
    "crewPosition": "shields",
    "notes": "Move shield strength to specific arc (forward, aft, port, starboard). Mechanics DC 15. Grants +2 to SR in chosen direction.",
    "relatedSkills": [
      {
        "skill": "Mechanics",
        "dc": {
          "type": "flat",
          "value": 15
        },
        "outcome": "+2 SR bonus to chosen shield arc"
      }
    ],
    "type": "shipCombatAction"
  },
  {
    "name": "Grant Tactical Advantage",
    "action": {
      "type": "standard",
      "cost": 1
    },
    "crewPosition": "commander",
    "notes": "Make Persuasion check DC 15. Success: one ally gains +2 competence bonus to attack rolls or skill checks until end of your next turn.",
    "relatedSkills": [
      {
        "skill": "Persuasion",
        "dc": {
          "type": "flat",
          "value": 15
        },
        "outcome": "Ally gains +2 competence bonus"
      }
    ],
    "type": "shipCombatAction"
  },
  {
    "name": "Coordinate Attack",
    "action": {
      "type": "standard",
      "cost": 1
    },
    "crewPosition": "commander",
    "notes": "Designate target. All gunners gain +1 to attack rolls vs that target until start of your next turn.",
    "relatedSkills": [
      {
        "skill": "Persuasion",
        "dc": {
          "type": "flat",
          "value": 10
        },
        "outcome": "All gunners get +1 to attack vs designated target"
      }
    ],
    "type": "shipCombatAction"
  },
  {
    "name": "Order Crew",
    "action": {
      "type": "swift",
      "cost": 1
    },
    "crewPosition": "commander",
    "notes": "Direct a crew member to take specific action. That crew member gains +2 to their next check this round.",
    "relatedSkills": [
      {
        "skill": "Persuasion",
        "outcome": "Designated crew member gains +2 to next check"
      }
    ],
    "type": "shipCombatAction"
  },
  {
    "name": "Inspire Crew",
    "action": {
      "type": "full-round",
      "cost": 1
    },
    "crewPosition": "commander",
    "notes": "Persuasion check DC 20. Success: all crew members gain +1 morale bonus to all checks for 1 minute.",
    "relatedSkills": [
      {
        "skill": "Persuasion",
        "dc": {
          "type": "flat",
          "value": 20
        },
        "outcome": "All crew gain +1 morale bonus for 1 minute"
      }
    ],
    "type": "shipCombatAction"
  },
  {
    "name": "Sensor Lock",
    "action": {
      "type": "standard",
      "cost": 1
    },
    "crewPosition": "system operator",
    "notes": "Use Computer check to establish sensor lock on enemy vessel. DC = 10 + target's Stealth modifier. Grants +2 to attack rolls vs locked target.",
    "relatedSkills": [
      {
        "skill": "Use Computer",
        "dc": {
          "type": "opposed",
          "value": "10 + target's Stealth"
        },
        "outcome": "+2 to all attack rolls vs locked target"
      }
    ],
    "type": "shipCombatAction"
  },
  {
    "name": "Jam Sensors",
    "action": {
      "type": "standard",
      "cost": 1
    },
    "crewPosition": "system operator",
    "notes": "Use Computer check opposed by target's Perception. Success: target loses sensor lock and takes -2 to attack rolls vs your ship.",
    "relatedSkills": [
      {
        "skill": "Use Computer",
        "dc": {
          "type": "opposed",
          "value": "Opposed by target's Perception"
        },
        "outcome": "Target takes -2 to attacks and loses sensor lock"
      }
    ],
    "type": "shipCombatAction"
  },
  {
    "name": "Co-Pilot Assist",
    "action": {
      "type": "swift",
      "cost": 1
    },
    "crewPosition": "copilot",
    "notes": "Aid Another action for pilot. Pilot check DC 10. Success: pilot gains +2 to next Pilot check this round.",
    "relatedSkills": [
      {
        "skill": "Pilot",
        "dc": {
          "type": "flat",
          "value": 10
        },
        "outcome": "Pilot gains +2 to next Pilot check"
      }
    ],
    "type": "shipCombatAction"
  },
  {
    "name": "Take the Helm",
    "action": {
      "type": "move",
      "cost": 1
    },
    "crewPosition": "copilot",
    "notes": "Assume pilot duties if pilot is incapacitated. Can pilot ship normally starting next round.",
    "relatedSkills": [
      {
        "skill": "Pilot",
        "when": "pilot is incapacitated or absent"
      }
    ],
    "type": "shipCombatAction"
  },
  {
    "name": "Emergency Repairs",
    "action": {
      "type": "swift",
      "cost": 1
    },
    "crewPosition": "any",
    "notes": "Attempt quick patch. Mechanics DC 25. Success: restore 1d4 hull points. Can only be attempted once per system per encounter.",
    "relatedSkills": [
      {
        "skill": "Mechanics",
        "dc": {
          "type": "flat",
          "value": 25
        },
        "outcome": "Restore 1d4 hull points to damaged system"
      }
    ],
    "type": "shipCombatAction"
  },
  {
    "name": "Perform Stunt",
    "action": {
      "type": "varies",
      "cost": null
    },
    "crewPosition": "pilot",
    "notes": "Spectacular piloting maneuver for tactical advantage or to impress. Pilot check DC varies by stunt difficulty.",
    "relatedSkills": [
      {
        "skill": "Pilot",
        "dc": {
          "type": "varies",
          "value": "15-30+"
        },
        "outcome": "Varies by stunt; may grant bonus, avoid danger, or demoralize enemies"
      }
    ],
    "type": "shipCombatAction"
  }
]
