[
  { "key": "acrobatics", "name": "Acrobatics", "ability": "dex", "trained": false },
  { "key": "climb", "name": "Climb", "ability": "str", "trained": false },
  { "key": "deception", "name": "Deception", "ability": "cha", "trained": false },
  { "key": "endurance", "name": "Endurance", "ability": "con", "trained": false },
  { "key": "gatherInfo", "name": "Gather Information", "ability": "cha", "trained": false },
  { "key": "initiative", "name": "Initiative", "ability": "dex", "trained": false },
  { "key": "jump", "name": "Jump", "ability": "str", "trained": false },
  { "key": "mechanics", "name": "Mechanics", "ability": "int", "trained": false },
  { "key": "perception", "name": "Perception", "ability": "wis", "trained": false },
  { "key": "persuasion", "name": "Persuasion", "ability": "cha", "trained": false },
  { "key": "pilot", "name": "Pilot", "ability": "dex", "trained": false },
  { "key": "stealth", "name": "Stealth", "ability": "dex", "trained": false },
  { "key": "survival", "name": "Survival", "ability": "wis", "trained": false },
  { "key": "swim", "name": "Swim", "ability": "str", "trained": false },
  { "key": "treatInjury", "name": "Treat Injury", "ability": "wis", "trained": false },
  { "key": "useComputer", "name": "Use Computer", "ability": "int", "trained": false },
  { "key": "useTheForce", "name": "Use the Force", "ability": "cha", "trained": false }
]
