[
  {
    "name": "Light Fighter",
    "size": "Huge",
    "strength": 34,
    "dexterity": 20,
    "intelligence": 14,
    "speedCharacter": "16 sq.",
    "speedStarship": "5 sq.",
    "hitPoints": 60,
    "dr": 10,
    "armor": 3,
    "cost": 30000,
    "costModifier": 1,
    "crew": 1,
    "passengers": 0,
    "cargoCapacity": "50 kg",
    "consumables": "2 Days",
    "emplacementPoints": 2,
    "unusedEmplacementPoints": 1
  },
  {
    "name": "Interceptor",
    "size": "Huge",
    "strength": 38,
    "dexterity": 24,
    "intelligence": 14,
    "speedCharacter": "16 sq.",
    "speedStarship": "6 sq.",
    "hitPoints": 90,
    "dr": 10,
    "armor": 3,
    "cost": 100000,
    "costModifier": 1,
    "crew": 1,
    "passengers": 0,
    "cargoCapacity": "50 kg",
    "consumables": "2 Days",
    "emplacementPoints": 5,
    "unusedEmplacementPoints": 1
  },
  {
    "name": "Superiority Fighter",
    "size": "Gargantuan",
    "strength": 42,
    "dexterity": 22,
    "intelligence": 14,
    "speedCharacter": "16 sq.",
    "speedStarship": "4 sq.",
    "hitPoints": 120,
    "dr": 10,
    "armor": 7,
    "cost": 50000,
    "costModifier": 2,
    "crew": 1,
    "passengers": 0,
    "cargoCapacity": "50 kg",
    "consumables": "2 Days",
    "emplacementPoints": 5,
    "unusedEmplacementPoints": 1
  },
  {
    "name": "Bomber",
    "size": "Gargantuan",
    "strength": 46,
    "dexterity": 18,
    "intelligence": 14,
    "speedCharacter": "16 sq.",
    "speedStarship": "3 sq.",
    "hitPoints": 150,
    "dr": 10,
    "armor": 8,
    "cost": 50000,
    "costModifier": 2,
    "crew": 2,
    "passengers": 0,
    "cargoCapacity": "50 kg",
    "consumables": "2 Days",
    "emplacementPoints": 10,
    "unusedEmplacementPoints": 1
  },
  {
    "name": "Light Freighter",
    "size": "Colossal",
    "strength": 42,
    "dexterity": 10,
    "intelligence": 12,
    "speedCharacter": "12 sq.",
    "speedStarship": "2 sq.",
    "hitPoints": 120,
    "dr": 15,
    "armor": 12,
    "cost": 20000,
    "costModifier": 5,
    "crew": 2,
    "passengers": 6,
    "cargoCapacity": "100 Tons",
    "consumables": "2 Months",
    "emplacementPoints": 5,
    "unusedEmplacementPoints": 10
  },
  {
    "name": "Shuttle",
    "size": "Colossal",
    "strength": 46,
    "dexterity": 14,
    "intelligence": 14,
    "speedCharacter": "12 sq.",
    "speedStarship": "3 sq.",
    "hitPoints": 120,
    "dr": 15,
    "armor": 12,
    "cost": 50000,
    "costModifier": 5,
    "crew": 4,
    "passengers": 8,
    "cargoCapacity": "20 Tons",
    "consumables": "1 Month",
    "emplacementPoints": 5,
    "unusedEmplacementPoints": 1
  },
  {
    "name": "Gunship",
    "size": "Colossal",
    "strength": 50,
    "dexterity": 14,
    "intelligence": 16,
    "speedCharacter": "12 sq.",
    "speedStarship": "3 sq.",
    "hitPoints": 150,
    "dr": 15,
    "armor": 12,
    "cost": 200000,
    "costModifier": 5,
    "crew": 4,
    "passengers": 4,
    "cargoCapacity": "5 Tons",
    "consumables": "1 Month",
    "emplacementPoints": 20,
    "unusedEmplacementPoints": 1
  },
  {
    "name": "Heavy Freighter",
    "size": "Colossal (Frigate)",
    "strength": 56,
    "dexterity": 10,
    "intelligence": 12,
    "speedCharacter": "-",
    "speedStarship": "1 sq.",
    "hitPoints": 400,
    "dr": 15,
    "armor": 12,
    "cost": 500000,
    "costModifier": 50,
    "crew": 10,
    "passengers": 10,
    "cargoCapacity": "100,000 Tons",
    "consumables": "6 Months",
    "emplacementPoints": 5,
    "unusedEmplacementPoints": 1
  },
  {
    "name": "Corvette",
    "size": "Colossal (Frigate)",
    "strength": 58,
    "dexterity": 18,
    "intelligence": 16,
    "speedCharacter": "-",
    "speedStarship": "3 sq.",
    "hitPoints": 600,
    "dr": 15,
    "armor": 12,
    "cost": 1000000,
    "costModifier": 50,
    "crew": 50,
    "passengers": 200,
    "cargoCapacity": "2,000 Tons",
    "consumables": "1 Year",
    "emplacementPoints": 20,
    "unusedEmplacementPoints": 5
  },
  {
    "name": "Frigate",
    "size": "Colossal (Frigate)",
    "strength": 60,
    "dexterity": 16,
    "intelligence": 16,
    "speedCharacter": "-",
    "speedStarship": "2 sq.",
    "hitPoints": 800,
    "dr": 15,
    "armor": 12,
    "cost": 2000000,
    "costModifier": 50,
    "crew": 1000,
    "passengers": 200,
    "cargoCapacity": "5,000 Tons",
    "consumables": "1 Year",
    "emplacementPoints": 50,
    "unusedEmplacementPoints": 1
  },
  {
    "name": "Cruiser",
    "size": "Colossal (Cruiser)",
    "strength": 94,
    "dexterity": 14,
    "intelligence": 16,
    "speedCharacter": "-",
    "speedStarship": "2 sq.",
    "hitPoints": 1500,
    "dr": 20,
    "armor": 14,
    "cost": 10000000,
    "costModifier": 500,
    "crew": 5000,
    "passengers": 1000,
    "cargoCapacity": "10,000 Tons",
    "consumables": "2 Years",
    "emplacementPoints": 100,
    "unusedEmplacementPoints": 1
  },
  {
    "name": "Battlecruiser",
    "size": "Colossal (Cruiser)",
    "strength": 100,
    "dexterity": 12,
    "intelligence": 18,
    "speedCharacter": "-",
    "speedStarship": "2 sq.",
    "hitPoints": 2000,
    "dr": 20,
    "armor": 16,
    "cost": 20000000,
    "costModifier": 500,
    "crew": 20000,
    "passengers": 5000,
    "cargoCapacity": "20,000 Tons",
    "consumables": "2 Years",
    "emplacementPoints": 200,
    "unusedEmplacementPoints": 1
  }
]
