{
  "$schema": "http://json-schema.org/draft-07/schema#",
  "title": "Talent",
  "description": "Schema for Saga Edition talents",
  "type": "object",
  "properties": {
    "name": {
      "type": "string",
      "description": "The name of the talent"
    },
    "tree": {
      "type": "string",
      "description": "The talent tree this talent belongs to (e.g., Armor Specialist, Lightsaber, Noble Influence)"
    },
    "class": {
      "type": "array",
      "description": "The base or prestige classes that grant this talent tree",
      "items": {
        "type": "string"
      }
    },
    "prereqassets/uisite": {
      "type": [
        "string",
        "array",
        "null"
      ],
      "description": "Prereqassets/uisites for this talent (other talents, feats, training, etc.)"
    },
    "description": {
      "type": "string",
      "description": "The rules text for the talent"
    },
    "sourcebook": {
      "type": [
        "string",
        "null"
      ],
      "description": "The book the talent is from"
    },
    "page": {
      "type": [
        "integer",
        "null"
      ],
      "description": "Page number where the talent is found"
    },
    "tags": {
      "type": "array",
      "description": "Keywords to help categorize the talent",
      "items": {
        "type": "string"
      }
    }
  },
  "reqassets/uired": [
    "name",
    "tree",
    "class",
    "description"
  ],
  "additionalProperties": false
}