{"name": "Advanced Medicine", "talent_tree": "Advanced Medicine"}
{"name": "Alter", "talent_tree": "Alter"}
{"name": "Ambusher", "talent_tree": "Ambusher"}
{"name": "Armor Specialist", "talent_tree": "Armor Specialist"}
{"name": "Assassin", "talent_tree": "Assassin"}
{"name": "Awareness", "talent_tree": "Awareness"}
{"name": "Beastwarden", "talent_tree": "Beastwarden"}
{"name": "Blockade Runner", "talent_tree": "Blockade Runner"}
{"name": "Bothan Spynet", "talent_tree": "Bothan Spynet"}
{"name": "Bounty Hunter", "talent_tree": "Bounty Hunter"}
{"name": "Brawler", "talent_tree": "Brawler"}
{"name": "Brute Squad", "talent_tree": "Brute Squad"}
{"name": "Camouflage", "talent_tree": "Camouflage"}
{"name": "Carbineer", "talent_tree": "Carbineer"}
{"name": "Collaborator", "talent_tree": "Collaborator"}
{"name": "Commando", "talent_tree": "Commando"}
{"name": "Control", "talent_tree": "Control"}
{"name": "Corporate Power", "talent_tree": "Corporate Power"}
{"name": "Critical Master", "talent_tree": "Critical Master"}
{"name": "Dark Side", "talent_tree": "Dark Side"}
{"name": "Dark Side Devotee", "talent_tree": "Dark Side Devotee"}
{"name": "Disgrace", "talent_tree": "Disgrace"}
{"name": "Duelist", "talent_tree": "Duelist"}
{"name": "Enforcement", "talent_tree": "Enforcement"}
{"name": "Expert Pilot", "talent_tree": "Expert Pilot"}
{"name": "Fencing", "talent_tree": "Fencing"}
{"name": "Force Adept", "talent_tree": "Force Adept"}
{"name": "Force Hunter", "talent_tree": "Force Hunter"}
{"name": "Force Item", "talent_tree": "Force Item"}
{"name": "Fortune", "talent_tree": "Fortune"}
{"name": "Fringer", "talent_tree": "Fringer"}
{"name": "Fugitive Commander", "talent_tree": "Fugitive Commander"}
{"name": "Gambling Leader", "talent_tree": "Gambling Leader"}
{"name": "Gand Findsman", "talent_tree": "Gand Findsman"}
{"name": "Genohardan", "talent_tree": "Genohardan"}
{"name": "Gladiatorial Combat", "talent_tree": "Gladiatorial Combat"}
{"name": "Guardian Spirit", "talent_tree": "Guardian Spirit"}
{"name": "Gunner", "talent_tree": "Gunner"}
{"name": "Gunslinger", "talent_tree": "Gunslinger"}
{"name": "Hyperspace Explorer", "talent_tree": "Hyperspace Explorer"}
{"name": "Ideologue", "talent_tree": "Ideologue"}
{"name": "Imperial Inquisitor", "talent_tree": "Imperial Inquisitor"}
{"name": "Implant", "talent_tree": "Implant"}
{"name": "Improviser", "talent_tree": "Improviser"}
{"name": "Infamy", "talent_tree": "Infamy"}
{"name": "Infiltration", "talent_tree": "Infiltration"}
{"name": "Influence", "talent_tree": "Influence"}
{"name": "Inspiration", "talent_tree": "Inspiration"}
{"name": "Jedi Archivist", "talent_tree": "Jedi Archivist"}
{"name": "Jedi Artisan", "talent_tree": "Jedi Artisan"}
{"name": "Jedi Battlemaster", "talent_tree": "Jedi Battlemaster"}
{"name": "Jedi Consular", "talent_tree": "Jedi Consular"}
{"name": "Jedi Guardian", "talent_tree": "Jedi Guardian"}
{"name": "Jedi Healer", "talent_tree": "Jedi Healer"}
{"name": "Jedi Instructor", "talent_tree": "Jedi Instructor"}
{"name": "Jedi Investigator", "talent_tree": "Jedi Investigator"}
{"name": "Jedi Refugee", "talent_tree": "Jedi Refugee"}
{"name": "Jedi Sentinel", "talent_tree": "Jedi Sentinel"}
{"name": "Jedi Shadow", "talent_tree": "Jedi Shadow"}
{"name": "Jedi Watchman", "talent_tree": "Jedi Watchman"}
{"name": "Jedi Weapon Master", "talent_tree": "Jedi Weapon Master"}
{"name": "Knight's Armor", "talent_tree": "Knight's Armor"}
{"name": "Knight's Resolve", "talent_tree": "Knight's Resolve"}
{"name": "Leadership", "talent_tree": "Leadership"}
{"name": "Light Side", "talent_tree": "Light Side"}
{"name": "Lightsaber Combat", "talent_tree": "Lightsaber Combat"}
{"name": "Lightsaber Forms", "talent_tree": "Lightsaber Forms"}
{"name": "Lineage", "talent_tree": "Lineage"}
{"name": "Loyal Protector", "talent_tree": "Loyal Protector"}
{"name": "Malkite Poisoner", "talent_tree": "Malkite Poisoner"}
{"name": "Mandalorian Warrior", "talent_tree": "Mandalorian Warrior"}
{"name": "Master of Teras Kasi", "talent_tree": "Master of Teras Kasi"}
{"name": "Mastermind", "talent_tree": "Mastermind"}
{"name": "Melee Duelist", "talent_tree": "Melee Duelist"}
{"name": "Melee Specialist", "talent_tree": "Melee Specialist"}
{"name": "Mercenary", "talent_tree": "Mercenary"}
{"name": "Military Engineer", "talent_tree": "Military Engineer"}
{"name": "Military Tactics", "talent_tree": "Military Tactics"}
{"name": "Misfortune", "talent_tree": "Misfortune"}
{"name": "Mystic", "talent_tree": "Mystic"}
{"name": "Naval Officer", "talent_tree": "Naval Officer"}
{"name": "Opportunist", "talent_tree": "Opportunist"}
{"name": "Outlaw", "talent_tree": "Outlaw"}
{"name": "Outlaw Tech", "talent_tree": "Outlaw Tech"}
{"name": "Pathfinder", "talent_tree": "Pathfinder"}
{"name": "Piracy", "talent_tree": "Piracy"}
{"name": "Pistoleer", "talent_tree": "Pistoleer"}
{"name": "Privateer", "talent_tree": "Privateer"}
{"name": "Procurement", "talent_tree": "Procurement"}
{"name": "Protection", "talent_tree": "Protection"}
{"name": "Provocateur", "talent_tree": "Provocateur"}
{"name": "Rebel Recruiter", "talent_tree": "Rebel Recruiter"}
{"name": "Recklessness", "talent_tree": "Recklessness"}
{"name": "Reconnaissance", "talent_tree": "Reconnaissance"}
{"name": "Republic Commando", "talent_tree": "Republic Commando"}
{"name": "Rocket Jumper", "talent_tree": "Rocket Jumper"}
{"name": "Run and Gun", "talent_tree": "Run and Gun"}
{"name": "Sabotage", "talent_tree": "Sabotage"}
{"name": "Sense", "talent_tree": "Sense"}
{"name": "Shaper", "talent_tree": "Shaper"}
{"name": "Sith", "talent_tree": "Sith"}
{"name": "Sith Alchemy", "talent_tree": "Sith Alchemy"}
{"name": "Sith Commander", "talent_tree": "Sith Commander"}
{"name": "Slicer", "talent_tree": "Slicer"}
{"name": "Smuggling", "talent_tree": "Smuggling"}
{"name": "Spacer", "talent_tree": "Spacer"}
{"name": "Spy", "talent_tree": "Spy"}
{"name": "Squad Leader", "talent_tree": "Squad Leader"}
{"name": "Squadron Leader", "talent_tree": "Squadron Leader"}
{"name": "Surveillance", "talent_tree": "Surveillance"}
{"name": "Survivor", "talent_tree": "Survivor"}
{"name": "Telepath", "talent_tree": "Telepath"}
{"name": "Trickery", "talent_tree": "Trickery"}
{"name": "Trooper", "talent_tree": "Trooper"}
{"name": "Turret", "talent_tree": "Turret"}
{"name": "Turret/Implant", "talent_tree": "Turret/Implant"}
{"name": "Unpredictable", "talent_tree": "Unpredictable"}
{"name": "Vanguard", "talent_tree": "Vanguard"}
{"name": "Versatility", "talent_tree": "Versatility"}
{"name": "Weapon Master", "talent_tree": "Weapon Master"}
{"name": "Weapon Specialist", "talent_tree": "Weapon Specialist"}
{"name": "Wingman", "talent_tree": "Wingman"}
{"name": "Yuuzhan Vong Biotech", "talent_tree": "Yuuzhan Vong Biotech"}
