[
  {
    "name": "Acrobatics",
    "ability": "Dex",
    "classes": {
      "Jedi": true,
      "Noble": false,
      "Scoundrel": true,
      "Scout": false,
      "Soldier": false
    }
  },
  {
    "name": "Climb",
    "ability": "Str",
    "classes": {
      "Jedi": false,
      "Noble": false,
      "Scoundrel": false,
      "Scout": true,
      "Soldier": true
    }
  },
  {
    "name": "Deception",
    "ability": "Cha",
    "classes": {
      "Jedi": false,
      "Noble": true,
      "Scoundrel": true,
      "Scout": false,
      "Soldier": false
    }
  },
  {
    "name": "Endurance",
    "ability": "Con",
    "classes": {
      "Jedi": true,
      "Noble": false,
      "Scoundrel": false,
      "Scout": true,
      "Soldier": true
    }
  },
  {
    "name": "Gather Information",
    "ability": "Cha",
    "classes": {
      "Jedi": false,
      "Noble": true,
      "Scoundrel": true,
      "Scout": false,
      "Soldier": false
    }
  },
  {
    "name": "Initiative",
    "ability": "Dex",
    "classes": {
      "Jedi": true,
      "Noble": true,
      "Scoundrel": true,
      "Scout": true,
      "Soldier": true
    }
  },
  {
    "name": "Jump",
    "ability": "Str",
    "classes": {
      "Jedi": true,
      "Noble": false,
      "Scoundrel": false,
      "Scout": true,
      "Soldier": true
    }
  },
  {
    "name": "Knowledge",
    "ability": "Int",
    "classes": {
      "Jedi": true,
      "Noble": true,
      "Scoundrel": true,
      "Scout": true,
      "Soldier": "TacticsOnly"
    }
  },
  {
    "name": "Mechanics",
    "ability": "Int",
    "classes": {
      "Jedi": true,
      "Noble": false,
      "Scoundrel": true,
      "Scout": true,
      "Soldier": true
    }
  },
  {
    "name": "Perception",
    "ability": "Wis",
    "classes": {
      "Jedi": true,
      "Noble": true,
      "Scoundrel": true,
      "Scout": true,
      "Soldier": true
    }
  },
  {
    "name": "Persuasion",
    "ability": "Cha",
    "classes": {
      "Jedi": false,
      "Noble": true,
      "Scoundrel": true,
      "Scout": false,
      "Soldier": false
    }
  },
  {
    "name": "Pilot",
    "ability": "Dex",
    "classes": {
      "Jedi": true,
      "Noble": true,
      "Scoundrel": true,
      "Scout": true,
      "Soldier": true
    }
  },
  {
    "name": "Ride",
    "ability": "Dex",
    "classes": {
      "Jedi": false,
      "Noble": true,
      "Scoundrel": false,
      "Scout": false,
      "Soldier": false
    }
  },
  {
    "name": "Stealth",
    "ability": "Dex",
    "classes": {
      "Jedi": false,
      "Noble": false,
      "Scoundrel": true,
      "Scout": true,
      "Soldier": false
    }
  },
  {
    "name": "Survival",
    "ability": "Wis",
    "classes": {
      "Jedi": false,
      "Noble": false,
      "Scoundrel": false,
      "Scout": true,
      "Soldier": false
    }
  },
  {
    "name": "Swim",
    "ability": "Str",
    "classes": {
      "Jedi": false,
      "Noble": false,
      "Scoundrel": false,
      "Scout": true,
      "Soldier": true
    }
  },
  {
    "name": "Treat Injury",
    "ability": "Wis",
    "classes": {
      "Jedi": false,
      "Noble": true,
      "Scoundrel": false,
      "Scout": false,
      "Soldier": true
    }
  },
  {
    "name": "Use Computer",
    "ability": "Int",
    "classes": {
      "Jedi": false,
      "Noble": true,
      "Scoundrel": true,
      "Scout": false,
      "Soldier": true
    }
  },
  {
    "name": "Use the Force",
    "ability": "Cha",
    "classes": {
      "Jedi": "Requires Force Sensitivity",
      "Noble": false,
      "Scoundrel": false,
      "Scout": false,
      "Soldier": false
    }
  }
]