[
  {
    "name": "Blaster Pistol",
    "category": "Ranged",
    "type": "Energy",
    "size": "Medium",
    "damage": "3d6",
    "critical": "20",
    "range": "12",
    "weight": "1.0 kg",
    "availability": "Common",
    "cost": "500",
    "ammo": "50",
    "special": []
  },
  {
    "name": "Heavy Blaster Pistol",
    "category": "Ranged",
    "type": "Energy",
    "size": "Medium",
    "damage": "3d8",
    "critical": "20",
    "range": "12",
    "weight": "1.1 kg",
    "availability": "Common",
    "cost": "750",
    "ammo": "50",
    "special": []
  },
  {
    "name": "Blaster Rifle",
    "category": "Ranged",
    "type": "Energy",
    "size": "Medium",
    "damage": "3d10",
    "critical": "20",
    "range": "24",
    "weight": "4.5 kg",
    "availability": "Common",
    "cost": "1000",
    "ammo": "100",
    "special": []
  },
  {
    "name": "Heavy Blaster Rifle",
    "category": "Ranged",
    "type": "Energy",
    "size": "Medium",
    "damage": "3d12",
    "critical": "20",
    "range": "24",
    "weight": "5.0 kg",
    "availability": "Military",
    "cost": "1500",
    "ammo": "100",
    "special": []
  },
  {
    "name": "Vibroblade",
    "category": "Melee",
    "type": "Vibro",
    "size": "Medium",
    "damage": "2d6",
    "critical": "19–20",
    "range": null,
    "weight": "2.0 kg",
    "availability": "Common",
    "cost": "500",
    "ammo": null,
    "special": []
  },
  {
    "name": "Vibrosword",
    "category": "Melee",
    "type": "Vibro",
    "size": "Medium",
    "damage": "2d8",
    "critical": "19–20",
    "range": null,
    "weight": "3.5 kg",
    "availability": "Common",
    "cost": "750",
    "ammo": null,
    "special": []
  },
  {
    "name": "Lightsaber",
    "category": "Melee",
    "type": "Lightsaber",
    "size": "Medium",
    "damage": "2d8",
    "critical": "19–20",
    "range": null,
    "weight": "1.0 kg",
    "availability": "Illegal",
    "cost": "10000",
    "ammo": null,
    "special": [
      "Deflect",
      "Block"
    ]
  },
  {
    "name": "Ion Blaster",
    "category": "Ranged",
    "type": "Energy",
    "size": "Medium",
    "damage": "3d6",
    "critical": "20",
    "range": "12",
    "weight": "2.0 kg",
    "availability": "Common",
    "cost": "1200",
    "ammo": "50",
    "special": [
      "Ion"
    ]
  },
  {
    "name": "Frag Grenade",
    "category": "Thrown",
    "type": "Explosive",
    "size": "Small",
    "damage": "4d6",
    "critical": "20",
    "range": "6",
    "weight": "0.5 kg",
    "availability": "Military",
    "cost": "200",
    "ammo": "Single-use",
    "special": [
      "Splash"
    ]
  },
  {
    "name": "Bowcaster",
    "category": "Ranged",
    "type": "Projectile",
    "size": "Medium",
    "damage": "3d8",
    "critical": "20",
    "range": "18",
    "weight": "6.0 kg",
    "availability": "Rare",
    "cost": "1500",
    "ammo": "10",
    "special": []
  },
  {
    "name": "Slugthrower Pistol",
    "category": "Ranged",
    "type": "Slugthrower",
    "size": "Medium",
    "damage": "2d6",
    "critical": "20",
    "range": "6",
    "weight": "1.0 kg",
    "availability": "Common",
    "cost": "250",
    "ammo": "10",
    "special": []
  },
  {
    "name": "Slugthrower Rifle",
    "category": "Ranged",
    "type": "Slugthrower",
    "size": "Medium",
    "damage": "2d8",
    "critical": "20",
    "range": "12",
    "weight": "3.5 kg",
    "availability": "Common",
    "cost": "500",
    "ammo": "10",
    "special": []
  },
  {
    "name": "Disruptor Pistol",
    "category": "Ranged",
    "type": "Energy",
    "size": "Medium",
    "damage": "4d6",
    "critical": "20",
    "range": "6",
    "weight": "1.5 kg",
    "availability": "Illegal",
    "cost": "2500",
    "ammo": "20",
    "special": [
      "Stun",
      "Disintegration"
    ]
  },
  {
    "name": "Disruptor Rifle",
    "category": "Ranged",
    "type": "Energy",
    "size": "Medium",
    "damage": "5d6",
    "critical": "20",
    "range": "12",
    "weight": "4.0 kg",
    "availability": "Illegal",
    "cost": "4000",
    "ammo": "20",
    "special": [
      "Stun",
      "Disintegration"
    ]
  },
  {
    "name": "Sonic Pistol",
    "category": "Ranged",
    "type": "Energy",
    "size": "Medium",
    "damage": "2d6",
    "critical": "20",
    "range": "6",
    "weight": "1.0 kg",
    "availability": "Common",
    "cost": "800",
    "ammo": "20",
    "special": [
      "Sonic"
    ]
  },
  {
    "name": "Sonic Rifle",
    "category": "Ranged",
    "type": "Energy",
    "size": "Medium",
    "damage": "3d6",
    "critical": "20",
    "range": "12",
    "weight": "3.0 kg",
    "availability": "Common",
    "cost": "1200",
    "ammo": "20",
    "special": [
      "Sonic"
    ]
  },
  {
    "name": "Stun Baton",
    "category": "Melee",
    "type": "Electroshock",
    "size": "Medium",
    "damage": "1d6",
    "critical": "20",
    "range": null,
    "weight": "1.5 kg",
    "availability": "Common",
    "cost": "300",
    "ammo": null,
    "special": [
      "Stun"
    ]
  },
  {
    "name": "Electrostaff",
    "category": "Melee",
    "type": "Electroshock",
    "size": "Large",
    "damage": "2d6",
    "critical": "20",
    "range": null,
    "weight": "5.0 kg",
    "availability": "Military",
    "cost": "1500",
    "ammo": null,
    "special": [
      "Stun",
      "Double Weapon"
    ]
  },
  {
    "name": "Flamethrower",
    "category": "Ranged",
    "type": "Energy",
    "size": "Medium",
    "damage": "4d6",
    "critical": "20",
    "range": "6",
    "weight": "6.0 kg",
    "availability": "Military",
    "cost": "2000",
    "ammo": "10",
    "special": [
      "Splash",
      "Fire"
    ]
  },
  {
    "name": "CryoBan Grenade",
    "category": "Thrown",
    "type": "Explosive",
    "size": "Small",
    "damage": "4d6",
    "critical": "20",
    "range": "6",
    "weight": "0.5 kg",
    "availability": "Military",
    "cost": "300",
    "ammo": "Single-use",
    "special": [
      "Splash",
      "Cold"
    ]
  },
  {
    "name": "Laser Cannon",
    "category": "Vehicle",
    "type": "Energy",
    "size": "Large",
    "damage": "6d10×2",
    "critical": "20",
    "range": "100",
    "weight": "200 kg",
    "availability": "Military",
    "cost": "20,000",
    "ammo": "Unlimited (vehicle power)",
    "special": [
      "Autofire"
    ]
  },
  {
    "name": "Heavy Laser Cannon",
    "category": "Vehicle",
    "type": "Energy",
    "size": "Large",
    "damage": "8d10×2",
    "critical": "20",
    "range": "120",
    "weight": "300 kg",
    "availability": "Military",
    "cost": "35,000",
    "ammo": "Unlimited",
    "special": [
      "Autofire"
    ]
  },
  {
    "name": "Concussion Missile Launcher",
    "category": "Vehicle",
    "type": "Explosive",
    "size": "Large",
    "damage": "10d10×2",
    "critical": "20",
    "range": "150",
    "weight": "500 kg",
    "availability": "Military",
    "cost": "50,000",
    "ammo": "6",
    "special": [
      "Splash",
      "Missile"
    ]
  },
  {
    "name": "Proton Torpedo Launcher",
    "category": "Vehicle",
    "type": "Explosive",
    "size": "Large",
    "damage": "12d10×2",
    "critical": "20",
    "range": "200",
    "weight": "600 kg",
    "availability": "Military",
    "cost": "75,000",
    "ammo": "4",
    "special": [
      "Splash",
      "Missile"
    ]
  },
  {
    "name": "Trandoshan Repeater Rifle",
    "category": "Ranged",
    "type": "Energy",
    "size": "Medium",
    "damage": "3d10",
    "critical": "20",
    "range": "24",
    "weight": "6.0 kg",
    "availability": "Military",
    "cost": "2,000",
    "ammo": "100",
    "special": [
      "Autofire"
    ]
  },
  {
    "name": "Gungan Electropole",
    "category": "Melee",
    "type": "Electroshock",
    "size": "Medium",
    "damage": "2d6",
    "critical": "20",
    "range": null,
    "weight": "3.0 kg",
    "availability": "Rare",
    "cost": "1,200",
    "ammo": null,
    "special": [
      "Stun"
    ]
  },
  {
    "name": "Tusken Cycler Rifle",
    "category": "Ranged",
    "type": "Slugthrower",
    "size": "Medium",
    "damage": "2d10",
    "critical": "20",
    "range": "24",
    "weight": "4.0 kg",
    "availability": "Common",
    "cost": "600",
    "ammo": "5",
    "special": []
  },
  {
    "name": "Wookiee Ryyk Blade",
    "category": "Melee",
    "type": "Exotic",
    "size": "Medium",
    "damage": "2d10",
    "critical": "19–20",
    "range": null,
    "weight": "5.0 kg",
    "availability": "Rare",
    "cost": "1,500",
    "ammo": null,
    "special": []
  },
  {
    "name": "Zabrak Combat Staff",
    "category": "Melee",
    "type": "Exotic",
    "size": "Large",
    "damage": "2d8",
    "critical": "20",
    "range": null,
    "weight": "4.5 kg",
    "availability": "Rare",
    "cost": "1,200",
    "ammo": null,
    "special": [
      "Double Weapon"
    ]
  },
  {
    "name": "Verpine Shatter Rifle",
    "category": "Ranged",
    "type": "Projectile",
    "size": "Medium",
    "damage": "4d10",
    "critical": "20",
    "range": "36",
    "weight": "5.0 kg",
    "availability": "Rare",
    "cost": "5,000",
    "ammo": "20",
    "special": [
      "Silent",
      "Armor Piercing"
    ]
  },
  {
    "name": "Mandalorian Ripper",
    "category": "Ranged",
    "type": "Slugthrower",
    "size": "Medium",
    "damage": "3d8",
    "critical": "20",
    "range": "12",
    "weight": "4.0 kg",
    "availability": "Military",
    "cost": "2,500",
    "ammo": "10",
    "special": [
      "Armor Piercing"
    ]
  },
  {
    "name": "Charric",
    "category": "Ranged",
    "type": "Energy",
    "size": "Medium",
    "damage": "3d10",
    "critical": "20",
    "range": "24",
    "weight": "5.0 kg",
    "availability": "Rare",
    "cost": "3,000",
    "ammo": "50",
    "special": [
      "Stun"
    ]
  },
  {
    "name": "Sith Tremor Sword",
    "category": "Melee",
    "type": "Exotic",
    "size": "Medium",
    "damage": "2d10",
    "critical": "19–20",
    "range": null,
    "weight": "6.0 kg",
    "availability": "Illegal",
    "cost": "4,000",
    "ammo": null,
    "special": [
      "Dark Side",
      "Vibration"
    ]
  },
  {
    "name": "Jedi Training Saber",
    "category": "Melee",
    "type": "Lightsaber",
    "size": "Medium",
    "damage": "1d8",
    "critical": "19–20",
    "range": null,
    "weight": "1.0 kg",
    "availability": "Restricted",
    "cost": "2,000",
    "ammo": null,
    "special": [
      "Stun",
      "Deflect",
      "Block"
    ]
  },
  {
    "name": "Clone DC-15A Blaster Rifle",
    "category": "Ranged",
    "type": "Energy",
    "size": "Medium",
    "damage": "3d10",
    "critical": "20",
    "range": "24",
    "weight": "4.5 kg",
    "availability": "Military",
    "cost": "1,200",
    "ammo": "100",
    "special": [
      "Autofire"
    ]
  },
  {
    "name": "Clone DC-15S Blaster Carbine",
    "category": "Ranged",
    "type": "Energy",
    "size": "Medium",
    "damage": "3d8",
    "critical": "20",
    "range": "18",
    "weight": "3.5 kg",
    "availability": "Military",
    "cost": "900",
    "ammo": "100",
    "special": [
      "Autofire"
    ]
  },
  {
    "name": "Tusken Gaderffii Stick",
    "category": "Melee",
    "type": "Primitive",
    "size": "Medium",
    "damage": "1d10",
    "critical": "20",
    "range": null,
    "weight": "3.0 kg",
    "availability": "Common",
    "cost": "100",
    "ammo": null,
    "special": [
      "Double Weapon"
    ]
  },
  {
    "name": "Wrist Rocket Launcher",
    "category": "Ranged",
    "type": "Explosive",
    "size": "Small",
    "damage": "4d6",
    "critical": "20",
    "range": "6",
    "weight": "1.5 kg",
    "availability": "Military",
    "cost": "1,500",
    "ammo": "1",
    "special": [
      "Splash",
      "Miniature"
    ]
  },
  {
    "name": "Verpine Shatter Pistol",
    "category": "Ranged",
    "type": "Projectile",
    "size": "Medium",
    "damage": "3d10",
    "critical": "20",
    "range": "12",
    "weight": "2.5 kg",
    "availability": "Rare",
    "cost": "3,500",
    "ammo": "10",
    "special": [
      "Silent",
      "Armor Piercing"
    ]
  },
  {
    "name": "Zeltron Neural Whip",
    "category": "Melee",
    "type": "Exotic",
    "size": "Medium",
    "damage": "2d6",
    "critical": "20",
    "range": null,
    "weight": "2.0 kg",
    "availability": "Rare",
    "cost": "2,000",
    "ammo": null,
    "special": [
      "Stun",
      "Reach"
    ]
  },
  {
    "name": "Cortosis Sword",
    "category": "Melee",
    "type": "Exotic",
    "size": "Medium",
    "damage": "2d8",
    "critical": "19–20",
    "range": null,
    "weight": "3.0 kg",
    "availability": "Rare",
    "cost": "5,000",
    "ammo": null,
    "special": [
      "Lightsaber Resistant"
    ]
  },
  {
    "name": "Stealth Carbine",
    "category": "Ranged",
    "type": "Energy",
    "size": "Medium",
    "damage": "3d8",
    "critical": "20",
    "range": "18",
    "weight": "3.0 kg",
    "availability": "Restricted",
    "cost": "2,000",
    "ammo": "100",
    "special": [
      "Silent",
      "+5 Stealth"
    ]
  },
  {
    "name": "Sith Lanvarok",
    "category": "Ranged",
    "type": "Projectile",
    "size": "Medium",
    "damage": "2d6",
    "critical": "20",
    "range": "6",
    "weight": "4.0 kg",
    "availability": "Illegal",
    "cost": "2,500",
    "ammo": "6",
    "special": [
      "Splash",
      "Dark Side"
    ]
  },
  {
    "name": "Electro-whip",
    "category": "Melee",
    "type": "Exotic",
    "size": "Medium",
    "damage": "1d6",
    "critical": "20",
    "range": null,
    "weight": "2.0 kg",
    "availability": "Rare",
    "cost": "1,500",
    "ammo": null,
    "special": [
      "Reach",
      "Stun"
    ]
  },
  {
    "name": "Lightfoil",
    "category": "Melee",
    "type": "Lightsaber",
    "size": "Medium",
    "damage": "2d6",
    "critical": "19–20",
    "range": null,
    "weight": "1.0 kg",
    "availability": "Illegal",
    "cost": "8,000",
    "ammo": null,
    "special": [
      "Deflect",
      "Block"
    ]
  },
  {
    "name": "Vibrodagger",
    "category": "Melee",
    "type": "Vibro",
    "size": "Small",
    "damage": "1d6",
    "critical": "19–20",
    "range": null,
    "weight": "0.5 kg",
    "availability": "Common",
    "cost": "300",
    "ammo": null,
    "special": [
      "Concealable"
    ]
  },
  {
    "name": "Wrist Laser",
    "category": "Ranged",
    "type": "Energy",
    "size": "Small",
    "damage": "2d6",
    "critical": "20",
    "range": "6",
    "weight": "0.8 kg",
    "availability": "Military",
    "cost": "1,200",
    "ammo": "20",
    "special": [
      "Concealed",
      "Hands-Free"
    ]
  },
  {
    "name": "Monomolecular Knife",
    "category": "Melee",
    "type": "Exotic",
    "size": "Small",
    "damage": "1d8",
    "critical": "20",
    "range": null,
    "weight": "0.5 kg",
    "availability": "Rare",
    "cost": "1,000",
    "ammo": null,
    "special": [
      "Armor Piercing"
    ]
  },
  {
    "name": "Double-Bladed Lightsaber",
    "category": "Melee",
    "type": "Lightsaber",
    "size": "Large",
    "damage": "2d8",
    "critical": "19–20",
    "range": null,
    "weight": "2.0 kg",
    "availability": "Illegal",
    "cost": "12,000",
    "ammo": null,
    "special": [
      "Deflect",
      "Block",
      "Double Weapon"
    ]
  },
  {
    "name": "Sith Sword",
    "category": "Melee",
    "type": "Exotic",
    "size": "Medium",
    "damage": "2d10",
    "critical": "19–20",
    "range": null,
    "weight": "6.0 kg",
    "availability": "Illegal",
    "cost": "5,000",
    "ammo": null,
    "special": [
      "Dark Side",
      "Lightsaber Resistant"
    ]
  },
  {
    "name": "Sporting Blaster Pistol",
    "category": "Ranged",
    "type": "Energy",
    "size": "Medium",
    "damage": "2d6",
    "critical": "20",
    "range": "12",
    "weight": "0.9 kg",
    "availability": "Common",
    "cost": "300",
    "ammo": "50",
    "special": []
  },
  {
    "name": "Hold-out Blaster",
    "category": "Ranged",
    "type": "Energy",
    "size": "Small",
    "damage": "2d4",
    "critical": "20",
    "range": "6",
    "weight": "0.5 kg",
    "availability": "Restricted",
    "cost": "250",
    "ammo": "10",
    "special": [
      "Concealable"
    ]
  },
  {
    "name": "Blaster Carbine",
    "category": "Ranged",
    "type": "Energy",
    "size": "Medium",
    "damage": "3d8",
    "critical": "20",
    "range": "18",
    "weight": "3.5 kg",
    "availability": "Common",
    "cost": "900",
    "ammo": "100",
    "special": []
  },
  {
    "name": "Repeating Blaster",
    "category": "Ranged",
    "type": "Energy",
    "size": "Large",
    "damage": "3d10",
    "critical": "20",
    "range": "24",
    "weight": "7.0 kg",
    "availability": "Military",
    "cost": "2,000",
    "ammo": "200",
    "special": [
      "Autofire"
    ]
  },
  {
    "name": "Sniper Rifle",
    "category": "Ranged",
    "type": "Projectile",
    "size": "Medium",
    "damage": "3d12",
    "critical": "20",
    "range": "36",
    "weight": "6.0 kg",
    "availability": "Military",
    "cost": "2,500",
    "ammo": "10",
    "special": [
      "Requires Aim"
    ]
  },
  {
    "name": "Verpine Sniper Rifle",
    "category": "Ranged",
    "type": "Projectile",
    "size": "Medium",
    "damage": "4d10",
    "critical": "20",
    "range": "36",
    "weight": "5.5 kg",
    "availability": "Rare",
    "cost": "5,000",
    "ammo": "10",
    "special": [
      "Silent",
      "Armor Piercing"
    ]
  },
  {
    "name": "Stun Grenade",
    "category": "Thrown",
    "type": "Explosive",
    "size": "Small",
    "damage": "—",
    "critical": "—",
    "range": "6",
    "weight": "0.5 kg",
    "availability": "Military",
    "cost": "250",
    "ammo": "Single-use",
    "special": [
      "Condition Track",
      "Splash"
    ]
  },
  {
    "name": "Thermal Detonator",
    "category": "Thrown",
    "type": "Explosive",
    "size": "Small",
    "damage": "8d6",
    "critical": "20",
    "range": "6",
    "weight": "0.5 kg",
    "availability": "Illegal",
    "cost": "10,000",
    "ammo": "Single-use",
    "special": [
      "Massive Splash"
    ]
  },
  {
    "name": "Electro-net",
    "category": "Thrown",
    "type": "Exotic",
    "size": "Small",
    "damage": "—",
    "critical": "—",
    "range": "6",
    "weight": "1.0 kg",
    "availability": "Restricted",
    "cost": "500",
    "ammo": "Single-use",
    "special": [
      "Entangle",
      "Stun"
    ]
  },
  {
    "name": "Miniature Missile Launcher",
    "category": "Ranged",
    "type": "Explosive",
    "size": "Small",
    "damage": "4d6",
    "critical": "20",
    "range": "6",
    "weight": "1.5 kg",
    "availability": "Military",
    "cost": "1,500",
    "ammo": "1",
    "special": [
      "Splash",
      "Wrist-Mounted"
    ]
  }
]