{
  "timestamp": "2025-10-30T19:57:54.850641",
  "backup_location": "C:\\Users\\Owner\\Documents\\GitHub\\foundryvtt-swse\\_BACKUP_20251030_195751",
  "statistics": {
    "files_deleted": 11,
    "files_merged": 2,
    "files_created": 22,
    "files_moved": 24
  },
  "deleted_files": [
    "styles/swse-holo.css",
    "styles/character-sheet-fixes.css",
    "styles/swse-fixes.css",
    "templates/apps/chargen.html",
    "templates/items/item-sheet.html",
    "scan_repo.py",
    "tools/cleanup_review.sh",
    "tools/scripts/import_os.py",
    "tools/scripts/Update.py",
    "docs/MIGRATION_NOTES.md",
    "docs/REORGANIZATION_SUMMARY.txt"
  ],
  "merged_files": [
    [
      "styles/character-sheet.css",
      "styles/character-sheet-fixes.css",
      "styles/sheets/character-sheet.css"
    ],
    [
      "styles/swse.css",
      "styles/swse-fixes.css",
      "styles/base/swse-base.css"
    ]
  ],
  "created_files": [
    "scripts/data-models/actor-base-model.js",
    "scripts/data-models/character-model.js",
    "scripts/data-models/vehicle-model.js",
    "scripts/calculations/abilities.js",
    "scripts/calculations/defenses.js",
    "scripts/calculations/skills.js",
    "scripts/calculations/conditions.js",
    "scripts/drag-drop/drop-handler.js",
    "scripts/actors/character/swse-character.js",
    "scripts/actors/droid/swse-droid-handler.js",
    "scripts/actors/vehicle/swse-vehicle-handler.js",
    "scripts/automation/combat-automation.js",
    "scripts/gm-tools/homebrew-manager.js",
    "templates/gm-tools/homebrew-dialog.hbs",
    "scripts/core/settings.js",
    "helpers/constants.js",
    "helpers/handlebars/string-helpers.js",
    "helpers/handlebars/math-helpers.js",
    "helpers/handlebars/comparison-helpers.js",
    "helpers/handlebars/array-helpers.js",
    "helpers/handlebars/swse-helpers.js",
    "helpers/handlebars/index.js"
  ],
  "moved_files": [
    [
      "scripts/actors/swse-actor.js",
      "scripts/actors/base/swse-actor-base.js"
    ],
    [
      "scripts/actors/swse-droid.js",
      "scripts/actors/droid/swse-droid.js"
    ],
    [
      "scripts/actors/swse-npc.js",
      "scripts/actors/npc/swse-npc.js"
    ],
    [
      "scripts/actors/swse-vehicle.js",
      "scripts/actors/vehicle/swse-vehicle.js"
    ],
    [
      "scripts/items/swse-item.js",
      "scripts/items/base/swse-item-base.js"
    ],
    [
      "templates/actors/character-sheet.hbs",
      "templates/actors/character/character-sheet.hbs"
    ],
    [
      "templates/actors/droid-sheet.hbs",
      "templates/actors/droid/droid-sheet.hbs"
    ],
    [
      "templates/actors/npc-sheet.hbs",
      "templates/actors/npc/npc-sheet.hbs"
    ],
    [
      "templates/actors/vehicle-sheet.hbs",
      "templates/actors/vehicle/vehicle-sheet.hbs"
    ],
    [
      "templates/items/item-sheet.hbs",
      "templates/items/base/item-sheet.hbs"
    ],
    [
      "templates/apps/chargen-fixed.hbs",
      "templates/apps/chargen/chargen.hbs"
    ],
    [
      "templates/apps/narrative-chargen.hbs",
      "templates/apps/chargen/narrative-chargen.hbs"
    ],
    [
      "templates/apps/store.hbs",
      "templates/apps/store/store.hbs"
    ],
    [
      "styles/vehicle-sheet-styles.css",
      "styles/sheets/vehicle-sheet.css"
    ],
    [
      "styles/unified-sheets.css",
      "styles/sheets/unified-sheets.css"
    ],
    [
      "styles/swse-holo-enhanced.css",
      "styles/themes/holo-theme.css"
    ],
    [
      "styles/swse-components.css",
      "styles/components/swse-components.css"
    ],
    [
      "styles/narrative-chargen.css",
      "styles/apps/chargen.css"
    ],
    [
      "scripts/core/constants.js",
      "helpers/constants.js"
    ],
    [
      "helpers/handlebars-helpers.js",
      "helpers/handlebars/legacy-helpers.js"
    ],
    [
      "scripts/core/config.js",
      "scripts/core/config.js"
    ],
    [
      "scripts/core/swse-data.js",
      "scripts/core/swse-data.js"
    ],
    [
      "scripts/core/world-data-loader.js",
      "scripts/core/world-data-loader.js"
    ],
    [
      "scripts/core/load-templates.js",
      "scripts/core/load-templates.js"
    ]
  ]
}