{
  "id": "swse",
  "title": "Star Wars Saga Edition",
  "description": "Complete Star Wars Saga Edition implementation for FoundryVTT with automated character sheets, combat mechanics, Force powers, vehicles, and comprehensive game rules.",
  "version": "1.1.82",
  "compatibility": {
    "minimum": "11",
    "verified": "13",
    "maximum": "13"
  },
  "authors": [
    {
      "name": "Doc Flow",
      "url": "https://github.com/docflowGM",
      "discord": "DocFlow#0001"
    }
  ],
  "license": "LICENSE.txt",
  "readme": "https://github.com/docflowGM/foundryvtt-swse/blob/main/README.md",
  "bugs": "https://github.com/docflowGM/foundryvtt-swse/issues",
  "changelog": "https://github.com/docflowGM/foundryvtt-swse/blob/main/CHANGELOG.md",
  "url": "https://github.com/docflowGM/foundryvtt-swse",
  "manifest": "https://raw.githubusercontent.com/docflowGM/foundryvtt-swse/main/system.json",
  "download": "https://github.com/docflowGM/foundryvtt-swse/releases/latest/download/swse.zip",
  "esmodules": [
    "index.js"
  ],
  "styles": [
    "styles/components/swse-components.css",
    "styles/sheets/character-sheet.css",
    "styles/sheets/unified-sheets.css",
    "styles/sheets/vehicle-sheet.css",
    "styles/apps/chargen.css",
    "styles/themes/holo-theme.css"
  ],
  "languages": [
    {
      "lang": "en",
      "name": "English",
      "path": "lang/en.json"
    }
  ],
  "relationships": {
    "systems": [],
    "requires": []
  },
  "socket": true,
  "initiative": "1d20 + @abilities.dex.mod + @initiative.misc",
  "grid": {
    "distance": 1.5,
    "units": "m",
    "type": 1
  },
  "primaryTokenAttribute": "hp",
  "secondaryTokenAttribute": "defenses.reflex",
  "background": "assets/backgrounds/swse-bg.webp",
  "media": [
    {
      "type": "cover",
      "url": "assets/ui/swse-cover.webp"
    },
    {
      "type": "icon",
      "url": "assets/ui/title-logo.png"
    }
  ],
  "packs": [
    {
      "name": "classes",
      "label": "Classes",
      "path": "packs/classes.db",
      "type": "Item",
      "system": "swse"
    },
    {
      "name": "talents",
      "label": "Talents",
      "path": "packs/talents.db",
      "type": "Item",
      "system": "swse"
    },
    {
      "name": "talent_trees",
      "label": "Talent Trees",
      "path": "packs/talent_trees.db",
      "type": "Item",
      "system": "swse"
    },
    {
      "name": "feats",
      "label": "Feats",
      "path": "packs/feats.db",
      "type": "Item",
      "system": "swse"
    },
    {
      "name": "species",
      "label": "Species",
      "path": "packs/species.db",
      "type": "Item",
      "system": "swse"
    },
    {
      "name": "equipment",
      "label": "Equipment",
      "path": "packs/equipment.db",
      "type": "Item",
      "system": "swse"
    },
    {
      "name": "weapons",
      "label": "Weapons",
      "path": "packs/weapons.db",
      "type": "Item",
      "system": "swse"
    },
    {
      "name": "armor",
      "label": "Armor",
      "path": "packs/armor.db",
      "type": "Item",
      "system": "swse"
    },
    {
      "name": "armor_light",
      "label": "Light Armor",
      "path": "packs/armor-light.db",
      "type": "Item",
      "system": "swse"
    },
    {
      "name": "armor_medium",
      "label": "Medium Armor",
      "path": "packs/armor-medium.db",
      "type": "Item",
      "system": "swse"
    },
    {
      "name": "armor_heavy",
      "label": "Heavy Armor",
      "path": "packs/armor-heavy.db",
      "type": "Item",
      "system": "swse"
    },
    {
      "name": "forcepowers",
      "label": "Force Powers",
      "path": "packs/forcepowers.db",
      "type": "Item",
      "system": "swse"
    },
    {
      "name": "skills",
      "label": "Skills",
      "path": "packs/skills.db",
      "type": "Item",
      "system": "swse"
    },
    {
      "name": "extraskilluses",
      "label": "Extra Skill Uses",
      "path": "packs/extraskilluses.db",
      "type": "Item",
      "system": "swse"
    },
    {
      "name": "combat_actions",
      "label": "Combat Actions",
      "path": "packs/combat-actions.db",
      "type": "Item",
      "system": "swse"
    },
    {
      "name": "conditions",
      "label": "Conditions",
      "path": "packs/conditions.db",
      "type": "Item",
      "system": "swse"
    },
    {
      "name": "special_combat_condition",
      "label": "Special Combat Conditions",
      "path": "packs/special-combat-condition.db",
      "type": "Item",
      "system": "swse"
    },
    {
      "name": "attributes",
      "label": "Attributes",
      "path": "packs/attributes.db",
      "type": "Item",
      "system": "swse"
    },
    {
      "name": "vehicles",
      "label": "Vehicles",
      "path": "packs/vehicles.db",
      "type": "Actor",
      "system": "swse"
    },
    {
      "name": "droids",
      "label": "Droids",
      "path": "packs/droids.db",
      "type": "Actor",
      "system": "swse"
    },
    {
      "name": "npc",
      "label": "NPCs",
      "path": "packs/npc.db",
      "type": "Actor",
      "system": "swse"
    }
  ]
}