{
  "id": "swse",
  "type": "system",
  "title": "Star Wars Saga Edition",
  "description": "Complete Star Wars Saga Edition implementation for FoundryVTT with automated character sheets, combat mechanics, Force powers, vehicles, and comprehensive game rules.",
  "version": "1.1.1",
  "compatibility": {
    "minimum": "11",
    "verified": "13",
    "maximum": "13"
  },
  "authors": [
    {
      "name": "Doc Flow",
      "url": "https://github.com/docflowGM",
      "discord": "DocFlow#0001"
    }
  ],
  "license": "LICENSE.txt",
  "readme": "https://github.com/docflowGM/foundryvtt-swse/blob/main/README.md",
  "bugs": "https://github.com/docflowGM/foundryvtt-swse/issues",
  "changelog": "https://github.com/docflowGM/foundryvtt-swse/blob/main/CHANGELOG.md",
  "url": "https://github.com/docflowGM/foundryvtt-swse",
  "manifest": "",
  "download": "",
  "esmodules": [
    "index.js"
  ],
  "styles": [
    "styles/swse-holo.css",
    "styles/swse-components.css",
    "styles/swse-fixes.css"
  ],
  "languages": [
    {
      "lang": "en",
      "name": "English",
      "path": "lang/en.json"
    }
  ],
  "relationships": {
    "systems": [],
    "requires": []
  },
  "socket": true,
  "initiative": "1d20 + @abilities.dex.mod + @initiative.misc",
  "grid": {
    "distance": 1.5,
    "units": "m",
    "type": 1
  },
  "primaryTokenAttribute": "hp",
  "secondaryTokenAttribute": "defenses.reflex",
  "background": "assets/images/ui/sheet-background.png",
  "media": [
    {
      "type": "cover",
      "url": "ui/swse-cover.webp"
    },
    {
      "type": "screenshot",
      "url": "ui/screenshots/character-sheet.webp",
      "caption": "Character Sheet"
    },
    {
      "type": "screenshot",
      "url": "ui/screenshots/vehicle-sheet.webp",
      "caption": "Vehicle Sheet"
    }
  ]
}