{
  "id": "swse",
  "type": "system",
  "title": "Star Wars Saga Edition",
  "description": "Complete Star Wars Saga Edition implementation for FoundryVTT with automated character sheets, combat mechanics, Force powers, vehicles, and comprehensive game rules.",
  "version": "1.1.17",
  "compatibility": {
    "minimum": "11",
    "verified": "13",
    "maximum": "13"
  },
  "authors": [
    {
      "name": "Doc Flow",
      "url": "https://github.com/docflowGM",
      "discord": "DocFlow#0001"
    }
  ],
  "license": "LICENSE.txt",
  "readme": "https://github.com/docflowGM/foundryvtt-swse/blob/main/README.md",
  "bugs": "https://github.com/docflowGM/foundryvtt-swse/issues",
  "changelog": "https://github.com/docflowGM/foundryvtt-swse/blob/main/CHANGELOG.md",
  "url": "https://github.com/docflowGM/foundryvtt-swse",
  "manifest": "https://raw.githubusercontent.com/docflowGM/foundryvtt-swse/main/system.json",
  "download": "https://github.com/docflowGM/foundryvtt-swse/releases/latest/download/swse.zip",
  "esmodules": [
    "index.js"
  ],
  "styles": [
    "styles/swse-holo.css",
    "styles/swse-components.css",
    "styles/swse-fixes.css",
    "scripts/store/store.css"
  ],
  "languages": [
    {
      "lang": "en",
      "name": "English",
      "path": "lang/en.json"
    }
  ],
  "relationships": {
    "systems": [],
    "requires": []
  },
  "socket": true,
  "initiative": "1d20 + @abilities.dex.mod + @initiative.misc",
  "grid": {
    "distance": 1.5,
    "units": "m",
    "type": 1
  },
  "primaryTokenAttribute": "hp",
  "secondaryTokenAttribute": "defenses.reflex",
  "background": "ui/sheet-background.png",
  "media": [
    {
      "type": "cover",
      "url": "ui/title-logo.png"
    },
    {
      "type": "screenshot",
      "url": "ui/screenshots/character-sheet.webp",
      "caption": "Character Sheet"
    },
    {
      "type": "screenshot",
      "url": "ui/screenshots/vehicle-sheet.webp",
      "caption": "Vehicle Sheet"
    }
  ],
  "packs": [
    {
      "name": "classes",
      "label": "Classes",
      "path": "packs/classes.db",
      "type": "Item",
      "system": "swse"
    },
    {
      "name": "npc-classes",
      "label": "NPC Classes",
      "path": "packs/npc-classes.db",
      "type": "Item",
      "system": "swse"
    },
    {
      "name": "prestige-classes",
      "label": "Prestige Classes",
      "path": "packs/prestige-classes.db",
      "type": "Item",
      "system": "swse"
    },
    {
      "name": "talents",
      "label": "Talents",
      "path": "packs/talents.db",
      "type": "Item",
      "system": "swse"
    },
    {
      "name": "feats",
      "label": "Feats",
      "path": "packs/feats.db",
      "type": "Item",
      "system": "swse"
    },
    {
      "name": "species",
      "label": "Species",
      "path": "packs/species.db",
      "type": "Item",
      "system": "swse"
    },
    {
      "name": "equipment",
      "label": "Equipment",
      "path": "packs/equipment.db",
      "type": "Item",
      "system": "swse"
    },
    {
      "name": "weapons",
      "label": "Weapons",
      "path": "packs/weapons.db",
      "type": "Item",
      "system": "swse"
    },
    {
      "name": "armor",
      "label": "Armor",
      "path": "packs/armor.db",
      "type": "Item",
      "system": "swse"
    },
    {
      "name": "force-powers",
      "label": "Force Powers",
      "path": "packs/force-powers.db",
      "type": "Item",
      "system": "swse"
    },
    {
      "name": "vehicles",
      "label": "Vehicles",
      "path": "packs/vehicles.db",
      "type": "Actor",
      "system": "swse"
    },
    {
      "name": "npc",
      "label": "NPCs",
      "path": "packs/npc.db",
      "type": "Actor",
      "system": "swse"
    }
  ]
}