{
  "Actor": {
    "types": [
      "character",
      "npc",
      "vehicle",
      "droid"
    ],
    "character": {
      "abilities": {
        "str": {
          "base": 10,
          "racial": 0,
          "modifier": 0,
          "temp": 0,
          "total": 10,
          "mod": 0
        },
        "dex": {
          "base": 10,
          "racial": 0,
          "modifier": 0,
          "temp": 0,
          "total": 10,
          "mod": 0
        },
        "con": {
          "base": 10,
          "racial": 0,
          "modifier": 0,
          "temp": 0,
          "total": 10,
          "mod": 0
        },
        "int": {
          "base": 10,
          "racial": 0,
          "modifier": 0,
          "temp": 0,
          "total": 10,
          "mod": 0
        },
        "wis": {
          "base": 10,
          "racial": 0,
          "modifier": 0,
          "temp": 0,
          "total": 10,
          "mod": 0
        },
        "cha": {
          "base": 10,
          "racial": 0,
          "modifier": 0,
          "temp": 0,
          "total": 10,
          "mod": 0
        }
      },
      "skills": {
        "acrobatics": {
          "label": "Acrobatics",
          "ability": "dex",
          "trained": false,
          "focused": false,
          "misc": 0,
          "armor": 0,
          "total": 0
        },
        "climb": {
          "label": "Climb",
          "ability": "str",
          "trained": false,
          "focused": false,
          "misc": 0,
          "armor": 0,
          "total": 0
        },
        "deception": {
          "label": "Deception",
          "ability": "cha",
          "trained": false,
          "focused": false,
          "misc": 0,
          "armor": 0,
          "total": 0
        },
        "endurance": {
          "label": "Endurance",
          "ability": "con",
          "trained": false,
          "focused": false,
          "misc": 0,
          "armor": 0,
          "total": 0
        },
        "gather_information": {
          "label": "Gather Information",
          "ability": "cha",
          "trained": false,
          "focused": false,
          "misc": 0,
          "armor": 0,
          "total": 0
        },
        "initiative": {
          "label": "Initiative",
          "ability": "dex",
          "trained": false,
          "focused": false,
          "misc": 0,
          "armor": 0,
          "total": 0
        },
        "jump": {
          "label": "Jump",
          "ability": "str",
          "trained": false,
          "focused": false,
          "misc": 0,
          "armor": 0,
          "total": 0
        },
        "knowledge_bureaucracy": {
          "label": "Knowledge (Bureaucracy)",
          "ability": "int",
          "trained": false,
          "focused": false,
          "misc": 0,
          "armor": 0,
          "total": 0
        },
        "knowledge_galactic_lore": {
          "label": "Knowledge (Galactic Lore)",
          "ability": "int",
          "trained": false,
          "focused": false,
          "misc": 0,
          "armor": 0,
          "total": 0
        },
        "knowledge_life_sciences": {
          "label": "Knowledge (Life Sciences)",
          "ability": "int",
          "trained": false,
          "focused": false,
          "misc": 0,
          "armor": 0,
          "total": 0
        },
        "knowledge_physical_sciences": {
          "label": "Knowledge (Physical Sciences)",
          "ability": "int",
          "trained": false,
          "focused": false,
          "misc": 0,
          "armor": 0,
          "total": 0
        },
        "knowledge_social_sciences": {
          "label": "Knowledge (Social Sciences)",
          "ability": "int",
          "trained": false,
          "focused": false,
          "misc": 0,
          "armor": 0,
          "total": 0
        },
        "knowledge_tactics": {
          "label": "Knowledge (Tactics)",
          "ability": "int",
          "trained": false,
          "focused": false,
          "misc": 0,
          "armor": 0,
          "total": 0
        },
        "knowledge_technology": {
          "label": "Knowledge (Technology)",
          "ability": "int",
          "trained": false,
          "focused": false,
          "misc": 0,
          "armor": 0,
          "total": 0
        },
        "mechanics": {
          "label": "Mechanics",
          "ability": "int",
          "trained": false,
          "focused": false,
          "misc": 0,
          "armor": 0,
          "total": 0
        },
        "perception": {
          "label": "Perception",
          "ability": "wis",
          "trained": false,
          "focused": false,
          "misc": 0,
          "armor": 0,
          "total": 0
        },
        "persuasion": {
          "label": "Persuasion",
          "ability": "cha",
          "trained": false,
          "focused": false,
          "misc": 0,
          "armor": 0,
          "total": 0
        },
        "pilot": {
          "label": "Pilot",
          "ability": "dex",
          "trained": false,
          "focused": false,
          "misc": 0,
          "armor": 0,
          "total": 0
        },
        "ride": {
          "label": "Ride",
          "ability": "dex",
          "trained": false,
          "focused": false,
          "misc": 0,
          "armor": 0,
          "total": 0
        },
        "stealth": {
          "label": "Stealth",
          "ability": "dex",
          "trained": false,
          "focused": false,
          "misc": 0,
          "armor": 0,
          "total": 0
        },
        "survival": {
          "label": "Survival",
          "ability": "wis",
          "trained": false,
          "focused": false,
          "misc": 0,
          "armor": 0,
          "total": 0
        },
        "swim": {
          "label": "Swim",
          "ability": "str",
          "trained": false,
          "focused": false,
          "misc": 0,
          "armor": 0,
          "total": 0
        },
        "treat_injury": {
          "label": "Treat Injury",
          "ability": "wis",
          "trained": false,
          "focused": false,
          "misc": 0,
          "armor": 0,
          "total": 0
        },
        "use_computer": {
          "label": "Use Computer",
          "ability": "int",
          "trained": false,
          "focused": false,
          "misc": 0,
          "armor": 0,
          "total": 0
        },
        "use_the_force": {
          "label": "Use the Force",
          "ability": "cha",
          "trained": false,
          "focused": false,
          "misc": 0,
          "armor": 0,
          "total": 0
        }
      },
      "hitPoints": {
        "max": 0,
        "current": 0,
        "temp": 0
      },
      "defenses": {
        "fortitude": {
          "base": 10,
          "armor": 0,
          "ability": 0,
          "class": 0,
          "misc": 0
        },
        "reflex": {
          "base": 10,
          "armor": 0,
          "ability": 0,
          "class": 0,
          "misc": 0
        },
        "will": {
          "base": 10,
          "armor": 0,
          "ability": 0,
          "class": 0,
          "misc": 0
        }
      },
      "damageThreshold": 0,
      "damageReduction": 0,
      "baseAttack": 0,
      "speed": 6,
      "level": 1,
      "experience": 0,
      "destiny": 1,
      "forcePoints": 5,
      "darkSideScore": 0,
      "species": "",
      "class": "",
      "player": "",
      "age": "",
      "sex": "",
      "height": "",
      "weight": "",
      "credits": 0,
      "carryingCapacity": 0,
      "biography": ""
    },
    "npc": {
      "challenge": 1
    },
    "vehicle": {},
    "droid": {}
  },
  "Item": {
    "types": [
      "feat",
      "talent",
      "force-power",
      "force-technique",
      "force-secret",
      "class",
      "item",
      "weapon",
      "armor",
      "combat-action"
    ],
    "feat": {
      "description": "",
      "prerequisites": {
        "level": 0,
        "class": "",
        "abilities": {},
        "feats": [],
        "bab": 0
      },
      "benefit": ""
    },
    "talent": {
      "description": "",
      "prerequisites": {
        "class": "",
        "level": 0,
        "talents": []
      },
      "talentTree": "",
      "benefit": ""
    },
    "force-power": {
      "description": "",
      "forcePoints": 1,
      "darkSide": false,
      "lightSide": false,
      "prerequisites": {
        "level": 0,
        "powers": [],
        "feats": []
      },
      "usesSpent": 0,
      "uses": ""
    },
    "force-technique": {
      "description": "",
      "prerequisites": {},
      "benefit": ""
    },
    "force-secret": {
      "description": "",
      "prerequisites": {},
      "benefit": ""
    },
    "class": {
      "description": "",
      "hitDie": "1d6",
      "skillPoints": 4,
      "classSkills": [],
      "startingFeats": 0,
      "defenseProgression": "standard",
      "attackProgression": "standard",
      "level": 1
    },
    "combat-action": {
      "description": "",
      "actionType": "standard",
      "attack": 0,
      "damage": "",
      "range": ""
    },
    "item": {
      "description": "",
      "quantity": 1,
      "weight": 0,
      "cost": 0,
      "availability": "",
      "notes": ""
    },
    "weapon": {
      "description": "",
      "damage": "",
      "damageType": "",
      "range": "",
      "critical": "20",
      "cost": 0,
      "weight": 0,
      "availability": "",
      "notes": "",
      "attack": 0
    },
    "armor": {
      "description": "",
      "armorBonus": 0,
      "maxDexBonus": 99,
      "armorCheckPenalty": 0,
      "speed": 6,
      "cost": 0,
      "weight": 0,
      "availability": "",
      "fortDefense": 0,
      "refDefense": 0,
      "notes": ""
    }
  }
}