{
  "Actor": {
    "types": [
      "character",
      "npc",
      "droid",
      "vehicle"
    ],
    "templates": {
      "base": {
        "hp": {
          "value": 10,
          "max": 10,
          "temp": 0
        },
        "defenses": {
          "fortitude": {
            "base": 10,
            "misc": 0,
            "total": 10,
            "ability": "con",
            "class": 0,
            "armorMastery": 0,
            "modifier": 0
          },
          "reflex": {
            "base": 10,
            "misc": 0,
            "total": 10,
            "ability": "dex",
            "class": 0,
            "armor": 0,
            "armorMastery": 0,
            "modifier": 0
          },
          "will": {
            "base": 10,
            "misc": 0,
            "total": 10,
            "ability": "wis",
            "class": 0,
            "armorMastery": 0,
            "modifier": 0
          }
        },
        "abilities": {
          "str": {
            "base": 10,
            "racial": 0,
            "temp": 0,
            "total": 10,
            "mod": 0
          },
          "dex": {
            "base": 10,
            "racial": 0,
            "temp": 0,
            "total": 10,
            "mod": 0
          },
          "con": {
            "base": 10,
            "racial": 0,
            "temp": 0,
            "total": 10,
            "mod": 0
          },
          "int": {
            "base": 10,
            "racial": 0,
            "temp": 0,
            "total": 10,
            "mod": 0
          },
          "wis": {
            "base": 10,
            "racial": 0,
            "temp": 0,
            "total": 10,
            "mod": 0
          },
          "cha": {
            "base": 10,
            "racial": 0,
            "temp": 0,
            "total": 10,
            "mod": 0
          }
        },
        "bab": 0,
        "level": 1,
        "race": "custom",
        "size": "medium",
        "conditionTrack": "normal",
        "speed": {
          "base": 6,
          "total": 6
        },
        "forcePoints": {
          "value": 5,
          "max": 5,
          "die": "1d6"
        },
        "destinyPoints": {
          "value": 1,
          "max": 1
        },
        "freeForcePowers": {
          "current": 0,
          "max": 0
        },
        "secondWind": {
          "uses": 1,
          "max": 1,
          "misc": 0,
          "healing": 0
        },
        "initiative": {
          "misc": 0,
          "total": 0
        },
        "damageThreshold": 10,
        "damageThresholdMisc": 0,
        "skills": {},
        "weapons": [],
        "feats": [],
        "talents": [],
        "customSkills": [],
        "classes": [],
        "credits": 0,
        "experience": 0
      }
    },
    "character": {
      "templates": [
        "base"
      ],
      "level": 1,
      "race": "human"
    },
    "npc": {
      "templates": [
        "base"
      ],
      "level": 1
    },
    "droid": {
      "templates": [
        "base"
      ],
      "level": 1
    },
    "vehicle": {
      "hp": {
        "value": 100,
        "max": 100
      },
      "speed": 0
    }
  },
  "Item": {
    "types": [
      "class",
      "feat",
      "talent",
      "talenttree",
      "forcepower",
      "skill",
      "combat-action",
      "weapon",
      "armor",
      "eqassets/uipment",
      "species"
    ],
    "templates": {
      "base": {
        "description": "",
        "source": ""
      }
    },
    "class": {
      "templates": [
        "base"
      ],
      "level": 1,
      "hitDie": 6
    },
    "feat": {
      "templates": [
        "base"
      ],
      "prereqassets/uisites": ""
    },
    "talent": {
      "templates": [
        "base"
      ],
      "tree": ""
    },
    "forcepower": {
      "templates": [
        "base"
      ],
      "level": 1,
      "uses": {
        "current": 1,
        "max": 1
      }
    },
    "weapon": {
      "templates": [
        "base"
      ],
      "damage": "1d6",
      "range": "Melee"
    },
    "armor": {
      "templates": [
        "base"
      ],
      "reflexBonus": 0,
      "maxDex": 999
    },
    "eqassets/uipment": {
      "templates": [
        "base"
      ],
      "weight": 0,
      "cost": 0
    },
    "species": {
      "templates": [
        "base"
      ],
      "bonuses": {
        "str": 0,
        "dex": 0,
        "con": 0,
        "int": 0,
        "wis": 0,
        "cha": 0
      }
    },
    "talenttree": {
      "templates": [],
      "description": ""
    },
    "skill": {
      "templates": [],
      "description": ""
    },
    "combat-action": {
      "templates": [],
      "description": ""
    },
    "attribute": {
      "templates": [
        "base"
      ]
    },
    "extra-skill-use": {
      "templates": [
        "base"
      ]
    }
  }
}