{
  "Actor": {
    "types": [
      "character",
      "npc",
      "droid",
      "vehicle"
    ],
    "templates": {
      "base": {
        "hp": {
          "value": 10,
          "max": 10,
          "temp": 0
        },
        "defenses": {
          "fortitude": {
            "base": 10,
            "classBonus": 0,
            "misc": 0,
            "total": 10
          },
          "reflex": {
            "base": 10,
            "classBonus": 0,
            "misc": 0,
            "total": 10
          },
          "will": {
            "base": 10,
            "classBonus": 0,
            "misc": 0,
            "total": 10
          }
        },
        "abilities": {
          "str": {
            "base": 10,
            "racial": 0,
            "temp": 0,
            "total": 10,
            "mod": 0
          },
          "dex": {
            "base": 10,
            "racial": 0,
            "temp": 0,
            "total": 10,
            "mod": 0
          },
          "con": {
            "base": 10,
            "racial": 0,
            "temp": 0,
            "total": 10,
            "mod": 0
          },
          "int": {
            "base": 10,
            "racial": 0,
            "temp": 0,
            "total": 10,
            "mod": 0
          },
          "wis": {
            "base": 10,
            "racial": 0,
            "temp": 0,
            "total": 10,
            "mod": 0
          },
          "cha": {
            "base": 10,
            "racial": 0,
            "temp": 0,
            "total": 10,
            "mod": 0
          }
        }
      }
    },
    "character": {
      "templates": [
        "base"
      ],
      "level": 1,
      "race": "human"
    },
    "npc": {
      "templates": [
        "base"
      ],
      "level": 1
    },
    "droid": {
      "templates": [
        "base"
      ],
      "level": 1
    },
    "vehicle": {
      "hp": {
        "value": 100,
        "max": 100
      },
      "speed": 0
    }
  },
  "Item": {
    "types": [
      "class",
      "feat",
      "talent",
      "forcepower",
      "weapon",
      "armor",
      "equipment",
      "species"
    ],
    "templates": {
      "base": {
        "description": "",
        "source": ""
      }
    },
    "class": {
      "templates": [
        "base"
      ],
      "level": 1,
      "hitDie": 6
    },
    "feat": {
      "templates": [
        "base"
      ],
      "prerequisites": ""
    },
    "talent": {
      "templates": [
        "base"
      ],
      "tree": ""
    },
    "forcepower": {
      "templates": [
        "base"
      ],
      "level": 1,
      "uses": {
        "current": 1,
        "max": 1
      }
    },
    "weapon": {
      "templates": [
        "base"
      ],
      "damage": "1d6",
      "range": "Melee"
    },
    "armor": {
      "templates": [
        "base"
      ],
      "reflexBonus": 0,
      "maxDex": 999
    },
    "equipment": {
      "templates": [
        "base"
      ],
      "weight": 0,
      "cost": 0
    },
    "species": {
      "templates": [
        "base"
      ],
      "bonuses": {
        "str": 0,
        "dex": 0,
        "con": 0,
        "int": 0,
        "wis": 0,
        "cha": 0
      }
    }
  }
}