{
  "name": "New Character",
  "type": "character",
  "img": "icons/svg/mystery-man.svg",
  "system": {
    "race": "custom",
    "species": "",
    "class": "",
    "level": 1,
    "bab": 0,
    "size": "medium",
    "speed": { "base": 6, "total": 6 },
    "forcePoints": { "value": 1, "max": 1 },
    "freeForcePowers": { "current": 0, "max": 0 },
    "abilities": {
      "str": { "base": 10, "temp": 0 },
      "dex": { "base": 10, "temp": 0 },
      "con": { "base": 10, "temp": 0 },
      "int": { "base": 10, "temp": 0 },
      "wis": { "base": 10, "temp": 0 },
      "cha": { "base": 10, "temp": 0 }
    },
    "defenses": {
      "reflex": { "ability": "dex", "class": 0, "armor": 0, "modifier": 0, "total": 0 },
      "fortitude": { "ability": "con", "class": 0, "modifier": 0, "total": 0 },
      "will": { "ability": "wis", "class": 0, "modifier": 0, "total": 0 }
    },
    "hp": { "value": 0, "max": 0 },
    "conditionTrack": "normal",
    "secondWind": { "uses": 0, "healing": 0 },
    "skills": {},
    "customSkills": [],
    "feats": [],
    "talents": [],
    "gear": [],
    "weapons": [],
    "items": []
  }
}
