[
  {"name": "Armored Space Sassets/uit","type": "Heavy","armor_bonus": 9,"equipment_bonus": 3,"max_dex_bonus": 1,"cost": 12000,"weight": "35 kg","availability": "Restricted","sourcebook": "Core Rulebook","tags": ["Environmental","Vacuum"]},
  {"name": "AV-1C Combat Armor","type": "Heavy","armor_bonus": 9,"equipment_bonus": 4,"max_dex_bonus": 1,"cost": 25000,"weight": "25 kg","availability": "Restricted, Rare","sourcebook": "Scum and Villainy","tags": ["Combat","Elite"]},
  {"name": "Energy Shields, Heavy","type": "Heavy","armor_bonus": 0,"equipment_bonus": 0,"max_dex_bonus": 2,"cost": "Varies","weight": "1 kg","availability": "-","sourcebook": "Knights of the Old Republic Campaign Gassets/uide","tags": ["Shield","Energy"]},
  {"name": "Heavy Battle Armor","type": "Heavy","armor_bonus": 10,"equipment_bonus": 4,"max_dex_bonus": 1,"cost": 15000,"weight": "30 kg","availability": "Military","sourcebook": "Core Rulebook","tags": ["Combat"]},
  {"name": "Heavy Beskar'gam","type": "Heavy","armor_bonus": 10,"equipment_bonus": 4,"max_dex_bonus": 1,"cost": 45000,"weight": "32 kg","availability": "Restricted, Rare","sourcebook": "Scum and Villainy","tags": ["Mandalorian","Beskar"]},
  {"name": "Heavy Dark Armor","type": "Heavy","armor_bonus": 8,"equipment_bonus": 5,"max_dex_bonus": 1,"cost": 25000,"weight": "30 kg","availability": "Rare","sourcebook": "Jedi Academy Training Manual","tags": ["Dark Side","Rare"]},
  {"name": "Heavy Powered Battle Armor","type": "Heavy","armor_bonus": 9,"equipment_bonus": 4,"max_dex_bonus": 1,"cost": 19000,"weight": "32 kg","availability": "Military","sourcebook": "Knights of the Old Republic Campaign Gassets/uide","tags": ["Powered","Combat"]},
  {"name": "Heavy Pressure Sassets/uit","type": "Heavy","armor_bonus": 9,"equipment_bonus": 3,"max_dex_bonus": 1,"cost": 12000,"weight": "35 kg","availability": "Rare","sourcebook": "Web Enhancements","tags": ["Environmental","Pressure"]},
  {"name": "Matrix Armor","type": "Heavy","armor_bonus": 9,"equipment_bonus": 3,"max_dex_bonus": 1,"cost": 9000,"weight": "25 kg","availability": "Restricted","sourcebook": "Knights of the Old Republic Campaign Gassets/uide","tags": ["Combat"]},
  {"name": "Neo-Crusader Assault Armor","type": "Heavy","armor_bonus": 10,"equipment_bonus": 4,"max_dex_bonus": 1,"cost": "-","weight": "65 kg","availability": "Military, Rare","sourcebook": "Knights of the Old Republic Campaign Gassets/uide","tags": ["Mandalorian","Elite"]},
  {"name": "Orbalisk Armor","type": "Heavy","armor_bonus": 10,"equipment_bonus": 2,"max_dex_bonus": 1,"cost": "-","weight": "26 kg","availability": "Rare","sourcebook": "Jedi Academy Training Manual","tags": ["Sith","Organic"]},
  {"name": "Republic Heavy Armor","type": "Heavy","armor_bonus": 8,"equipment_bonus": 3,"max_dex_bonus": 1,"cost": "-","weight": "26 kg","availability": "Military","sourcebook": "Knights of the Old Republic Campaign Gassets/uide","tags": ["Republic","Combat"]},
  {"name": "Vacuum Pod","type": "Heavy","armor_bonus": 4,"equipment_bonus": 1,"max_dex_bonus": 0,"cost": 15000,"weight": "35 kg","availability": "-","sourcebook": "Clone Wars Campaign Gassets/uide","tags": ["Environmental","Vacuum"]},
  {"name": "Venom Assault Armor","type": "Heavy","armor_bonus": 10,"equipment_bonus": 4,"max_dex_bonus": 1,"cost": 17000,"weight": "38 kg","availability": "Military","sourcebook": "Legacy Era Campaign Gassets/uide","tags": ["Combat","Elite"]},
  {"name": "Zero-Gravity Stormtrooper Armor","type": "Heavy","armor_bonus": 9,"equipment_bonus": 3,"max_dex_bonus": 0,"cost": 21000,"weight": "38 kg","availability": "Military","sourcebook": "Rebellion Era Campaign Gassets/uide","tags": ["Imperial","Vacuum"]}
]
