[
  {"name": "Armored Flight Suit","type": "Light","armor_bonus": 3,"equipment_bonus": 0,"max_dex_bonus": 3,"cost": "-","weight": "-","availability": "-","sourcebook": "Core Rulebook","tags": ["Flight","Basic"]},
  {"name": "Blast Vest","type": "Light","armor_bonus": 2,"equipment_bonus": 1,"max_dex_bonus": 4,"cost": "-","weight": "-","availability": "-","sourcebook": "Scum and Villainy","tags": ["Civilian","Basic"]},
  {"name": "Blinding Helmet","type": "Light","armor_bonus": 0,"equipment_bonus": 0,"max_dex_bonus": 0,"cost": "200","weight": "2 kg","availability": "Rare","sourcebook": "Jedi Academy Training Manual","tags": ["Helmet","Rare"]},
  {"name": "Ceremonial Armor","type": "Light","armor_bonus": 2,"equipment_bonus": 1,"max_dex_bonus": 4,"cost": "-","weight": "-","availability": "-","sourcebook": "Jedi Academy Training Manual","tags": ["Jedi","Ceremonial"]},
  {"name": "Clone Trooper Armor","type": "Light","armor_bonus": 4,"equipment_bonus": 2,"max_dex_bonus": 2,"cost": "-","weight": "-","availability": "-","sourcebook": "Clone Wars Campaign Guide","tags": ["Republic","Combat"]},
  {"name": "Energy Shields, Light","type": "Light","armor_bonus": 0,"equipment_bonus": 0,"max_dex_bonus": 4,"cost": "Varies","weight": "1 kg","availability": "-","sourcebook": "Knights of the Old Republic Campaign Guide","tags": ["Shield","Energy"]},
  {"name": "Fiber Armor","type": "Light","armor_bonus": 4,"equipment_bonus": 1,"max_dex_bonus": 2,"cost": "3000","weight": "10 kg","availability": "Licensed","sourcebook": "Knights of the Old Republic Campaign Guide","tags": ["Combat"]},
  {"name": "Galactic Alliance Armor","type": "Light","armor_bonus": 4,"equipment_bonus": 1,"max_dex_bonus": 3,"cost": "6000","weight": "9 kg","availability": "Military","sourcebook": "Legacy Era Campaign Guide","tags": ["Alliance"]},
  {"name": "Half-Vest","type": "Light","armor_bonus": 1,"equipment_bonus": 0,"max_dex_bonus": 5,"cost": "250","weight": "2 kg","availability": "Restricted","sourcebook": "Scum and Villainy","tags": ["Civilian"]},
  {"name": "Jedi Robes","type": "Light","armor_bonus": 1,"equipment_bonus": 0,"max_dex_bonus": 5,"cost": "-","weight": "-","availability": "-","sourcebook": "Jedi Academy Training Manual","tags": ["Jedi","Robes"]},
  {"name": "KZZ Riot Armor","type": "Light","armor_bonus": 2,"equipment_bonus": 2,"max_dex_bonus": 5,"cost": "2500","weight": "6 kg","availability": "Military","sourcebook": "Rebellion Era Campaign Guide","tags": ["Riot"]},
  {"name": "Light Battle Armor","type": "Light","armor_bonus": 5,"equipment_bonus": 2,"max_dex_bonus": 3,"cost": "3500","weight": "10 kg","availability": "Military","sourcebook": "Knights of the Old Republic Campaign Guide","tags": ["Combat"]},
  {"name": "Light Beskar'gam","type": "Light","armor_bonus": 5,"equipment_bonus": 2,"max_dex_bonus": 3,"cost": "33500","weight": "10 kg","availability": "Licensed, Rare","sourcebook": "Scum and Villainy","tags": ["Mandalorian","Beskar"]},
  {"name": "Light Dark Armor","type": "Light","armor_bonus": 4,"equipment_bonus": 3,"max_dex_bonus": 3,"cost": "10000","weight": "10 kg","availability": "Rare","sourcebook": "Jedi Academy Training Manual","tags": ["Dark Side","Rare"]},
  {"name": "Light Jedi Battle Armor","type": "Light","armor_bonus": 3,"equipment_bonus": 3,"max_dex_bonus": 4,"cost": "4000","weight": "6 kg","availability": "Rare","sourcebook": "Jedi Academy Training Manual","tags": ["Jedi","Rare"]},
  {"name": "Light Powered Battle Armor","type": "Light","armor_bonus": 4,"equipment_bonus": 2,"max_dex_bonus": 3,"cost": "6500","weight": "12 kg","availability": "Military","sourcebook": "Knights of the Old Republic Campaign Guide","tags": ["Powered"]},
  {"name": "Mandalorian Combat Suit","type": "Light","armor_bonus": 4,"equipment_bonus": 1,"max_dex_bonus": 5,"cost": "-","weight": "8 kg","availability": "Military, Rare","sourcebook": "Knights of the Old Republic Campaign Guide","tags": ["Mandalorian"]},
  {"name": "Mandalorian Light Armor","type": "Light","armor_bonus": 4,"equipment_bonus": 2,"max_dex_bonus": 3,"cost": "-","weight": "-","availability": "-","sourcebook": "Knights of the Old Republic Campaign Guide","tags": ["Mandalorian","Combat"]},
  {"name": "Marine Armor","type": "Light","armor_bonus": 5,"equipment_bonus": 2,"max_dex_bonus": 3,"cost": "5000","weight": "12 kg","availability": "Restricted","sourcebook": "Galaxy at War","tags": ["Military"]},
  {"name": "Microbe Armor","type": "Light","armor_bonus": 2,"equipment_bonus": 0,"max_dex_bonus": 3,"cost": "4000","weight": "6 kg","availability": "Licensed","sourcebook": "Galaxy at War","tags": ["Environmental"]},
  {"name": "Neo-Crusader Light Armor","type": "Light","armor_bonus": 6,"equipment_bonus": 2,"max_dex_bonus": 3,"cost": "-","weight": "42 kg","availability": "Rare","sourcebook": "Knights of the Old Republic Campaign Guide","tags": ["Mandalorian"]}
]
