[
  {
    "name": "Battle Armor",
    "type": "Medium",
    "armor_bonus": 8,
    "equipment_bonus": 2,
    "max_dex_bonus": 2,
    "cost": 7000,
    "weight": "16 kg",
    "availability": "Military",
    "sourcebook": "Core Rulebook",
    "tags": [
      "Combat",
      "Standard"
    ]
  },
  {
    "name": "Ceremonial Armor",
    "type": "Medium",
    "armor_bonus": 7,
    "equipment_bonus": 0,
    "max_dex_bonus": 2,
    "cost": 5000,
    "weight": "13 kg",
    "availability": "Restricted",
    "sourcebook": "Core Rulebook",
    "tags": [
      "Ceremonial"
    ]
  },
  {
    "name": "Corellian Powersuit",
    "type": "Medium",
    "armor_bonus": 7,
    "equipment_bonus": 0,
    "max_dex_bonus": 3,
    "cost": 10000,
    "weight": "20 kg",
    "availability": "Restricted",
    "sourcebook": "Core Rulebook",
    "tags": [
      "Powered"
    ]
  },
  {
    "name": "AV-1S Scout Armor",
    "type": "Medium",
    "armor_bonus": 7,
    "equipment_bonus": 2,
    "max_dex_bonus": 2,
    "cost": 15000,
    "weight": "18 kg",
    "availability": "Military",
    "sourcebook": "Scum and Villainy",
    "tags": [
      "Scout",
      "Combat"
    ]
  },
  {
    "name": "Camo Armor",
    "type": "Medium",
    "armor_bonus": 5,
    "equipment_bonus": 0,
    "max_dex_bonus": 3,
    "cost": 6000,
    "weight": "6 kg",
    "availability": "Restricted",
    "sourcebook": "Clone Wars Campaign Guide",
    "tags": [
      "Stealth",
      "Recon"
    ]
  },
  {
    "name": "Camo Scout Armor",
    "type": "Medium",
    "armor_bonus": 6,
    "equipment_bonus": 2,
    "max_dex_bonus": 3,
    "cost": 6000,
    "weight": "12 kg",
    "availability": "Licensed",
    "sourcebook": "Galaxy at War",
    "tags": [
      "Scout",
      "Stealth"
    ]
  },
  {
    "name": "Dark Armor",
    "type": "Medium",
    "armor_bonus": 7,
    "equipment_bonus": 4,
    "max_dex_bonus": 2,
    "cost": 15000,
    "weight": "16 kg",
    "availability": "Rare",
    "sourcebook": "Jedi Academy Training Manual",
    "tags": [
      "Dark Side",
      "Rare"
    ]
  },
  {
    "name": "Energy Shields, Medium",
    "type": "Medium",
    "armor_bonus": 0,
    "equipment_bonus": 0,
    "max_dex_bonus": 3,
    "cost": "Varies",
    "weight": "1 kg",
    "availability": "-",
    "sourcebook": "Knights of the Old Republic Campaign Guide",
    "tags": [
      "Shield",
      "Energy"
    ]
  },
  {
    "name": "Imperial Knight Armor",
    "type": "Medium",
    "armor_bonus": 8,
    "equipment_bonus": 2,
    "max_dex_bonus": 3,
    "cost": 7000,
    "weight": "16 kg",
    "availability": "Rare",
    "sourcebook": "Legacy Era Campaign Guide",
    "tags": [
      "Imperial",
      "Knight"
    ]
  },
  {
    "name": "Jedi Battle Armor",
    "type": "Medium",
    "armor_bonus": 5,
    "equipment_bonus": 5,
    "max_dex_bonus": 3,
    "cost": 6000,
    "weight": "12 kg",
    "availability": "Rare",
    "sourcebook": "Jedi Academy Training Manual",
    "tags": [
      "Jedi",
      "Rare"
    ]
  },
  {
    "name": "Katarn-Class Commando Armor",
    "type": "Medium",
    "armor_bonus": 9,
    "equipment_bonus": 4,
    "max_dex_bonus": 1,
    "cost": 30000,
    "weight": "20 kg",
    "availability": "Military",
    "sourcebook": "Galaxy at War",
    "tags": [
      "Commando",
      "Elite"
    ]
  },
  {
    "name": "Knighthunter Armor",
    "type": "Medium",
    "armor_bonus": 7,
    "equipment_bonus": 2,
    "max_dex_bonus": 3,
    "cost": 6000,
    "weight": "13 kg",
    "availability": "Military",
    "sourcebook": "Legacy Era Campaign Guide",
    "tags": [
      "Anti-Jedi",
      "Combat"
    ]
  },
  {
    "name": "M1-10 Stalker Armor",
    "type": "Medium",
    "armor_bonus": 7,
    "equipment_bonus": 0,
    "max_dex_bonus": 3,
    "cost": 7500,
    "weight": "10 kg",
    "availability": "Licensed",
    "sourcebook": "Galaxy at War",
    "tags": [
      "Stealth",
      "Combat"
    ]
  },
  {
    "name": "Mandalorian Battle Armor",
    "type": "Medium",
    "armor_bonus": 8,
    "equipment_bonus": 2,
    "max_dex_bonus": 2,
    "cost": "-",
    "weight": "18 kg",
    "availability": "Rare",
    "sourcebook": "Knights of the Old Republic Campaign Guide",
    "tags": [
      "Mandalorian",
      "Combat"
    ]
  },
  {
    "name": "Medium Beskar'gam",
    "type": "Medium",
    "armor_bonus": 8,
    "equipment_bonus": 2,
    "max_dex_bonus": 2,
    "cost": 37000,
    "weight": "17 kg",
    "availability": "Restricted, Rare",
    "sourcebook": "Scum and Villainy",
    "tags": [
      "Mandalorian",
      "Beskar"
    ]
  },
  {
    "name": "Mesh Armor",
    "type": "Medium",
    "armor_bonus": 6,
    "equipment_bonus": 2,
    "max_dex_bonus": 2,
    "cost": 6000,
    "weight": "13 kg",
    "availability": "Restricted",
    "sourcebook": "Knights of the Old Republic Campaign Guide",
    "tags": [
      "Combat"
    ]
  },
  {
    "name": "Powered Battle Armor",
    "type": "Medium",
    "armor_bonus": 7,
    "equipment_bonus": 2,
    "max_dex_bonus": 2,
    "cost": 11000,
    "weight": "17 kg",
    "availability": "Military",
    "sourcebook": "Knights of the Old Republic Campaign Guide",
    "tags": [
      "Powered",
      "Combat"
    ]
  }
]